dst_ip,Frequency
1.0.1.0,20
1.0.103.1,6
1.0.12.1,6
1.0.14.0,6
1.0.15.0,6
1.0.17.0,6
1.0.187.1,6
1.0.188.1,6
1.0.193.1,6
1.0.197.1,6
1.0.238.13,6
1.0.24.0,6
1.0.25.0,6
1.0.254.123,10
1.0.5.0,6
1.0.84.11,6
1.0.87.11,6
1.0.89.11,6
1.0.94.11,6
1.1.0.0,17
1.1.1.0,20
1.1.14.0,6
1.1.16.0,6
1.1.187.1,6
1.1.188.1,6
1.1.193.1,6
1.1.194.1,6
1.1.195.1,6
1.1.21.0,6
1.1.23.0,6
1.1.26.0,6
1.1.28.0,6
1.1.3.0,6
1.1.4.0,6
1.1.84.11,6
1.1.89.11,6
1.1.9.0,6
1.1.94.11,6
1.10.1.0,23
1.10.110.11,6
1.10.15.0,6
1.10.187.1,6
1.10.188.1,6
1.10.19.0,6
1.10.190.1,6
1.10.191.1,6
1.10.2.0,6
1.10.26.1,6
1.10.30.0,6
1.10.7.0,6
1.10.84.11,6
1.10.87.11,6
1.10.9.0,6
1.10.92.1,6
1.10.92.11,6
1.100.10.0,6
1.100.12.0,6
1.100.130.13,6
1.100.188.1,6
1.100.189.1,6
1.100.191.1,6
1.100.193.1,6
1.100.196.1,6
1.100.236.132,8
1.100.24.0,6
1.100.25.0,6
1.100.27.0,6
1.100.89.11,6
1.100.94.11,6
1.101.0.0,19
1.101.11.0,6
1.101.135.13,6
1.101.16.0,6
1.101.170.175,18
1.101.187.1,6
1.101.188.1,6
1.101.189.1,6
1.101.19.0,6
1.101.190.1,6
1.101.192.1,6
1.101.193.1,6
1.101.21.0,6
1.101.29.0,6
1.101.3.0,6
1.101.30.0,7
1.101.4.0,6
1.101.83.11,6
1.101.89.11,6
1.101.9.0,6
1.101.93.11,6
1.102.107.0,6
1.102.17.0,6
1.102.188.1,6
1.102.189.1,6
1.102.190.1,6
1.102.191.1,6
1.102.196.1,6
1.102.198.1,6
1.102.2.0,6
1.102.213.0,6
1.102.218.3,8
1.102.28.0,6
1.102.5.1,6
1.102.7.0,6
1.102.83.11,6
1.102.87.11,6
1.103.0.0,18
1.103.1.0,6
1.103.1.3,6
1.103.11.0,6
1.103.12.0,6
1.103.14.0,6
1.103.168.222,114
1.103.184.1,6
1.103.187.1,6
1.103.188.1,6
1.103.190.1,6
1.103.192.1,6
1.103.193.1,6
1.103.194.1,6
1.103.196.1,6
1.103.197.1,6
1.103.21.0,6
1.103.22.0,6
1.103.26.0,6
1.103.37.15,8
1.103.6.0,6
1.103.7.0,6
1.103.84.11,6
1.103.86.11,6
1.103.87.11,6
1.103.89.11,6
1.103.92.11,6
1.104.150.1,6
1.104.163.0,6
1.104.187.1,6
1.104.188.1,6
1.104.190.1,6
1.104.191.1,6
1.104.194.1,6
1.104.195.1,6
1.104.197.1,6
1.104.25.0,6
1.104.28.0,6
1.104.30.0,6
1.104.5.0,6
1.104.8.0,6
1.104.86.11,6
1.104.88.11,6
1.105.0.0,17
1.105.15.0,6
1.105.17.0,6
1.105.178.12,6
1.105.189.1,6
1.105.19.0,6
1.105.192.1,6
1.105.195.1,6
1.105.211.0,6
1.105.25.0,6
1.105.30.0,6
1.105.66.6,6
1.105.7.0,6
1.105.82.0,6
1.105.87.11,6
1.105.9.0,6
1.105.90.11,6
1.106.1.0,6
1.106.108.14,6
1.106.156.7,6
1.106.16.0,6
1.106.187.1,6
1.106.188.1,6
1.106.189.1,6
1.106.190.1,6
1.106.191.1,6
1.106.192.1,6
1.106.194.1,6
1.106.196.1,6
1.106.6.0,6
1.106.83.11,6
1.106.84.11,6
1.106.94.11,6
1.107.0.0,21
1.107.108.1,8
1.107.13.0,6
1.107.155.1,6
1.107.18.0,6
1.107.189.1,6
1.107.190.1,6
1.107.192.1,6
1.107.195.1,6
1.107.197.1,6
1.107.198.1,6
1.107.21.1,6
1.107.211.0,6
1.107.27.0,6
1.107.35.1,6
1.107.8.0,6
1.107.90.11,6
1.108.1.0,6
1.108.17.0,6
1.108.191.1,6
1.108.193.1,6
1.108.194.1,6
1.108.195.1,6
1.108.196.1,6
1.108.197.1,6
1.108.198.1,6
1.108.2.0,6
1.108.22.0,6
1.108.29.0,6
1.108.4.0,6
1.108.85.1,6
1.108.86.11,6
1.108.89.11,6
1.108.91.11,6
1.108.92.11,6
1.109.0.0,22
1.109.1.0,6
1.109.187.1,6
1.109.189.1,6
1.109.190.1,6
1.109.191.1,6
1.109.192.1,6
1.109.20.0,6
1.109.25.0,6
1.109.26.0,6
1.109.8.0,6
1.109.86.11,6
1.109.88.11,6
1.109.91.11,6
1.109.92.150,11
1.109.93.11,6
1.11.0.0,23
1.11.1.0,18
1.11.101.0,8
1.11.14.0,6
1.11.149.10,8
1.11.188.1,6
1.11.189.1,6
1.11.19.0,6
1.11.190.1,6
1.11.191.1,6
1.11.194.1,6
1.11.2.1,6
1.11.24.0,6
1.11.26.0,6
1.11.28.0,6
1.11.4.0,6
1.11.6.0,6
1.11.8.0,6
1.11.86.11,6
1.11.89.11,6
1.11.91.11,6
1.11.94.11,6
1.110.14.0,6
1.110.140.11,6
1.110.188.1,6
1.110.190.1,6
1.110.191.1,6
1.110.195.1,6
1.110.198.1,6
1.110.2.0,6
1.110.22.0,6
1.110.30.0,6
1.110.31.6,6
1.110.4.0,6
1.110.61.1,6
1.110.89.11,6
1.110.92.11,6
1.111.0.0,19
1.111.11.0,6
1.111.111.14,6
1.111.162.1,8
1.111.166.12,6
1.111.18.0,6
1.111.192.1,6
1.111.195.1,6
1.111.198.1,6
1.111.231.13,8
1.111.252.12,6
1.111.26.0,6
1.111.4.0,6
1.111.41.8,6
1.111.8.0,6
1.111.84.11,6
1.111.89.11,6
1.111.91.11,6
1.111.93.11,6
1.112.10.0,6
1.112.13.0,6
1.112.135.0,6
1.112.191.1,6
1.112.192.1,6
1.112.193.1,6
1.112.194.1,6
1.112.195.1,6
1.112.197.1,6
1.112.198.1,6
1.112.27.0,6
1.112.3.0,6
1.112.30.0,6
1.112.5.0,6
1.112.8.0,6
1.113.0.0,19
1.113.103.15,6
1.113.128.219,115
1.113.17.0,6
1.113.18.1,6
1.113.187.1,6
1.113.19.0,6
1.113.190.1,6
1.113.190.10,8
1.113.191.1,6
1.113.196.1,6
1.113.22.0,7
1.113.29.0,6
1.113.6.0,6
1.113.84.11,6
1.113.86.11,6
1.113.87.11,6
1.113.9.0,6
1.113.90.7,8
1.114.100.34,6
1.114.107.14,10
1.114.118.33,16
1.114.16.0,6
1.114.187.1,6
1.114.188.1,6
1.114.189.1,6
1.114.190.1,6
1.114.195.1,6
1.114.198.1,6
1.114.21.0,6
1.114.23.0,6
1.114.25.0,6
1.114.26.0,6
1.114.6.0,6
1.114.88.11,6
1.114.90.11,6
1.114.93.11,6
1.115.0.0,17
1.115.10.0,6
1.115.15.0,6
1.115.187.1,6
1.115.191.1,6
1.115.192.1,6
1.115.193.1,6
1.115.195.1,6
1.115.196.1,6
1.115.197.1,6
1.115.24.0,6
1.115.27.0,6
1.115.30.0,6
1.115.7.0,6
1.115.89.11,6
1.115.90.11,6
1.115.92.11,6
1.115.93.11,6
1.116.14.0,6
1.116.15.1,6
1.116.194.1,6
1.116.195.1,6
1.116.196.1,6
1.116.23.0,6
1.116.24.0,7
1.116.254.11,6
1.116.26.0,6
1.116.28.0,6
1.116.29.0,6
1.116.56.0,6
1.116.86.11,6
1.116.88.11,6
1.116.94.11,6
1.117.0.0,20
1.117.13.0,6
1.117.188.1,6
1.117.189.1,6
1.117.192.1,6
1.117.193.1,6
1.117.196.1,6
1.117.197.1,6
1.117.22.0,6
1.117.27.0,6
1.117.5.0,6
1.117.83.11,6
1.117.85.11,6
1.117.87.11,6
1.117.90.11,6
1.117.92.11,6
1.117.93.11,6
1.118.11.0,6
1.118.16.0,6
1.118.187.1,6
1.118.188.1,6
1.118.19.0,6
1.118.191.1,6
1.118.192.1,6
1.118.196.1,6
1.118.198.1,6
1.118.2.0,6
1.118.207.0,6
1.118.23.15,6
1.118.27.0,6
1.118.31.203,8
1.118.4.0,6
1.118.7.0,6
1.118.87.11,6
1.118.89.11,6
1.118.94.11,6
1.119.0.0,24
1.119.12.239,17
1.119.13.0,6
1.119.15.0,6
1.119.18.0,6
1.119.188.1,6
1.119.190.1,6
1.119.192.1,6
1.119.193.1,6
1.119.197.1,6
1.119.198.1,6
1.119.20.0,6
1.119.23.0,6
1.119.25.0,6
1.119.254.12,6
1.119.28.0,6
1.119.3.0,6
1.119.5.0,6
1.119.6.0,6
1.119.82.12,6
1.119.83.11,6
1.119.85.11,6
1.119.86.11,6
1.119.88.11,6
1.119.91.11,6
1.119.93.11,6
1.12.1.0,16
1.12.12.0,6
1.12.13.0,8
1.12.183.226,114
1.12.187.1,6
1.12.188.1,6
1.12.190.1,6
1.12.193.1,6
1.12.194.1,6
1.12.196.1,6
1.12.197.1,6
1.12.2.0,6
1.12.20.0,6
1.12.22.0,6
1.12.25.0,6
1.12.5.0,6
1.12.85.11,6
1.12.87.11,6
1.12.92.11,6
1.120.12.1,6
1.120.140.3,8
1.120.15.0,6
1.120.187.1,6
1.120.191.1,6
1.120.192.1,6
1.120.193.1,6
1.120.194.1,6
1.120.195.1,6
1.120.196.1,6
1.120.198.1,6
1.120.20.0,6
1.120.20.15,8
1.120.25.0,6
1.120.27.0,6
1.120.30.0,6
1.120.4.0,6
1.120.49.1,6
1.120.69.249,9
1.120.87.11,6
1.120.89.11,6
1.120.9.0,6
1.121.0.0,18
1.121.121.14,6
1.121.13.0,6
1.121.14.0,6
1.121.190.1,6
1.121.192.13,8
1.121.195.1,6
1.121.197.1,6
1.121.198.1,6
1.121.21.14,6
1.121.26.0,6
1.121.28.0,6
1.121.29.0,6
1.121.3.0,6
1.121.48.14,6
1.121.6.0,6
1.121.8.0,8
1.121.84.11,6
1.121.9.0,6
1.122.135.1,10
1.122.18.0,6
1.122.187.1,6
1.122.188.1,6
1.122.190.1,6
1.122.193.1,6
1.122.194.1,6
1.122.20.0,6
1.122.210.0,6
1.122.25.0,6
1.122.81.0,6
1.122.85.11,6
1.122.90.11,6
1.122.92.11,6
1.123.12.0,6
1.123.130.7,8
1.123.14.0,6
1.123.188.1,6
1.123.193.1,6
1.123.194.1,6
1.123.195.1,6
1.123.198.1,6
1.123.2.0,6
1.123.236.0,6
1.123.26.0,6
1.123.29.0,6
1.123.41.0,10
1.123.7.0,6
1.123.84.11,6
1.123.86.11,6
1.123.89.11,6
1.123.91.11,6
1.124.11.0,6
1.124.11.1,6
1.124.16.0,6
1.124.188.1,6
1.124.19.13,6
1.124.190.1,6
1.124.191.1,6
1.124.193.1,6
1.124.195.1,6
1.124.196.1,6
1.124.197.1,6
1.124.227.14,6
1.124.23.0,6
1.124.243.8,8
1.124.26.0,6
1.124.28.0,6
1.124.5.0,6
1.124.6.0,6
1.124.7.7,6
1.124.88.11,6
1.124.90.11,6
1.124.93.11,6
1.125.10.0,6
1.125.100.15,6
1.125.110.13,6
1.125.179.12,10
1.125.188.1,6
1.125.189.1,6
1.125.19.0,6
1.125.190.1,6
1.125.192.1,6
1.125.194.1,6
1.125.195.1,6
1.125.196.1,6
1.125.197.1,6
1.125.198.1,6
1.125.24.0,6
1.125.5.0,6
1.125.7.0,6
1.125.85.11,6
1.125.9.0,6
1.125.90.11,6
1.126.13.0,6
1.126.16.0,6
1.126.188.12,6
1.126.190.1,6
1.126.192.1,6
1.126.193.1,6
1.126.196.1,6
1.126.197.1,6
1.126.198.1,6
1.126.210.12,6
1.126.24.0,6
1.126.26.0,6
1.126.28.0,6
1.126.86.11,6
1.126.94.11,6
1.127.0.0,18
1.127.10.0,6
1.127.187.1,6
1.127.190.1,6
1.127.191.1,6
1.127.194.1,6
1.127.2.0,6
1.127.22.0,6
1.127.23.0,6
1.127.25.0,6
1.127.27.0,6
1.127.3.0,6
1.127.7.0,6
1.127.83.11,6
1.127.85.11,6
1.127.88.11,6
1.127.90.11,6
1.128.0.0,17
1.128.1.0,6
1.128.12.0,6
1.128.131.51,6
1.128.154.6,6
1.128.176.0,6
1.128.185.12,6
1.128.188.1,6
1.128.189.1,6
1.128.191.1,8
1.128.195.1,6
1.128.196.1,6
1.128.197.1,6
1.128.2.0,6
1.128.204.4,6
1.128.24.0,6
1.128.28.1,6
1.128.6.0,6
1.128.86.11,6
1.128.89.11,6
1.128.91.11,6
1.128.94.11,6
1.129.11.0,6
1.129.13.0,6
1.129.188.1,6
1.129.189.1,6
1.129.193.1,6
1.129.201.13,6
1.129.23.0,6
1.129.255.0,6
1.129.26.0,6
1.129.3.0,6
1.129.30.0,6
1.129.6.0,6
1.129.83.11,6
1.129.86.11,6
1.13.0.0,19
1.13.1.0,14
1.13.11.0,6
1.13.14.0,6
1.13.184.14,6
1.13.189.1,6
1.13.19.0,6
1.13.190.1,6
1.13.193.1,6
1.13.193.5,8
1.13.197.1,6
1.13.224.1,6
1.13.239.13,10
1.13.26.0,6
1.13.4.0,6
1.13.89.11,6
1.13.9.0,6
1.13.92.11,6
1.13.94.11,6
1.13.95.0,6
1.130.10.0,6
1.130.17.0,6
1.130.187.1,6
1.130.187.10,6
1.130.188.1,6
1.130.19.0,6
1.130.190.1,6
1.130.191.1,6
1.130.192.1,6
1.130.195.1,6
1.130.198.1,6
1.130.2.0,6
1.130.242.0,6
1.130.4.0,6
1.130.42.118,7
1.130.5.0,6
1.130.7.0,6
1.130.84.11,6
1.130.85.11,6
1.131.110.10,8
1.131.193.1,6
1.131.194.13,6
1.131.195.1,6
1.131.23.0,6
1.131.28.0,6
1.131.83.11,6
1.131.88.11,6
1.131.93.11,6
1.131.94.11,6
1.132.12.0,6
1.132.13.0,6
1.132.145.0,6
1.132.17.0,6
1.132.171.11,6
1.132.189.1,6
1.132.191.1,6
1.132.193.1,6
1.132.194.1,6
1.132.198.1,6
1.132.234.5,6
1.132.27.0,6
1.132.43.8,6
1.132.43.9,6
1.132.83.11,8
1.132.85.11,6
1.132.92.11,6
1.133.1.0,6
1.133.12.0,6
1.133.14.0,6
1.133.188.1,6
1.133.190.1,6
1.133.192.1,6
1.133.193.1,6
1.133.194.1,6
1.133.196.1,6
1.133.197.1,6
1.133.198.1,6
1.133.205.12,6
1.133.230.0,6
1.133.29.0,6
1.133.39.55,6
1.133.4.0,6
1.133.7.0,6
1.133.82.0,6
1.133.89.11,6
1.133.91.11,6
1.133.92.11,6
1.134.10.0,6
1.134.126.0,6
1.134.13.0,9
1.134.186.1,6
1.134.187.1,6
1.134.188.1,6
1.134.190.1,6
1.134.191.1,6
1.134.195.1,6
1.134.196.1,6
1.134.197.1,6
1.134.20.0,6
1.134.26.0,6
1.134.28.0,6
1.134.37.122,9
1.134.4.13,6
1.134.64.168,6
1.134.86.11,6
1.134.90.11,6
1.134.91.11,6
1.135.167.216,114
1.135.186.1,6
1.135.195.1,6
1.135.196.1,6
1.135.22.0,6
1.135.24.0,6
1.135.25.0,6
1.135.29.0,6
1.135.4.0,6
1.135.43.124,6
1.135.69.1,6
1.135.9.0,6
1.135.9.3,6
1.136.11.0,6
1.136.16.0,6
1.136.162.5,6
1.136.18.0,6
1.136.186.1,6
1.136.187.1,6
1.136.187.74,17
1.136.198.1,6
1.136.4.0,6
1.136.6.0,6
1.136.8.0,6
1.136.83.11,6
1.136.91.0,6
1.136.93.11,6
1.137.122.119,7
1.137.18.0,6
1.137.186.1,6
1.137.187.1,6
1.137.188.1,6
1.137.189.1,6
1.137.190.1,6
1.137.191.1,6
1.137.193.1,6
1.137.194.1,6
1.137.195.1,6
1.137.196.1,6
1.137.198.1,6
1.137.22.0,6
1.137.30.0,6
1.137.5.0,6
1.137.83.11,6
1.137.87.11,6
1.137.92.11,6
1.137.93.11,6
1.138.11.0,6
1.138.16.0,6
1.138.187.1,6
1.138.191.1,6
1.138.192.1,6
1.138.196.1,8
1.138.21.0,6
1.138.26.0,6
1.138.29.0,6
1.138.86.11,6
1.138.89.11,6
1.138.92.11,6
1.138.94.11,6
1.139.10.0,6
1.139.11.0,6
1.139.164.6,8
1.139.187.1,6
1.139.189.1,6
1.139.192.1,6
1.139.193.1,6
1.139.194.1,6
1.139.195.1,6
1.139.197.1,6
1.139.23.0,6
1.139.25.0,6
1.139.3.0,6
1.139.30.0,6
1.139.5.0,6
1.139.8.0,6
1.139.82.7,8
1.139.83.11,6
1.139.90.11,6
1.139.91.11,6
1.139.93.11,6
1.14.13.0,6
1.14.149.1,6
1.14.16.0,6
1.14.175.0,6
1.14.18.0,6
1.14.188.1,6
1.14.190.1,6
1.14.192.1,6
1.14.198.1,6
1.14.20.0,6
1.14.209.9,6
1.14.21.0,6
1.14.23.0,6
1.14.239.0,6
1.14.26.0,6
1.14.28.0,6
1.14.30.0,6
1.14.81.237,113
1.14.85.11,6
1.14.86.11,6
1.14.93.11,6
1.140.191.1,6
1.140.195.1,6
1.140.198.1,6
1.140.84.11,6
1.140.85.11,6
1.140.89.11,6
1.140.90.11,6
1.141.11.0,6
1.141.18.0,6
1.141.186.1,6
1.141.186.254,6
1.141.187.1,6
1.141.188.1,6
1.141.189.1,6
1.141.193.1,6
1.141.194.1,6
1.141.195.1,6
1.141.196.1,6
1.141.197.1,6
1.141.22.0,7
1.141.23.0,6
1.141.28.0,6
1.141.33.120,8
1.141.4.0,6
1.141.56.14,6
1.141.6.0,6
1.141.83.11,6
1.141.89.11,6
1.142.0.119,6
1.142.10.0,6
1.142.146.1,8
1.142.15.0,6
1.142.17.0,6
1.142.186.1,6
1.142.187.1,6
1.142.187.251,8
1.142.188.1,6
1.142.191.1,6
1.142.192.1,8
1.142.194.1,6
1.142.195.1,6
1.142.196.1,6
1.142.197.1,6
1.142.198.1,6
1.142.20.0,6
1.142.30.0,6
1.142.7.0,6
1.142.8.0,6
1.142.87.11,6
1.142.90.11,6
1.142.93.11,6
1.143.119.68,18
1.143.14.0,6
1.143.186.1,6
1.143.187.1,6
1.143.188.1,6
1.143.189.1,6
1.143.19.0,6
1.143.190.1,6
1.143.193.1,6
1.143.194.1,6
1.143.217.0,6
1.143.22.0,6
1.143.23.14,6
1.143.24.0,6
1.143.26.0,8
1.143.7.15,8
1.143.87.11,6
1.143.89.11,6
1.143.92.11,6
1.143.93.13,6
1.144.163.14,6
1.144.18.0,6
1.144.186.1,6
1.144.187.1,6
1.144.189.1,6
1.144.190.1,6
1.144.191.1,6
1.144.192.1,6
1.144.20.0,6
1.144.23.0,6
1.144.235.0,6
1.144.25.0,6
1.144.3.0,6
1.144.90.11,6
1.144.93.11,6
1.145.10.0,6
1.145.143.0,6
1.145.15.0,6
1.145.186.1,6
1.145.188.1,6
1.145.189.1,6
1.145.19.0,6
1.145.190.1,6
1.145.192.1,6
1.145.195.1,6
1.145.198.1,6
1.145.219.0,6
1.145.27.0,6
1.145.30.0,6
1.145.4.0,6
1.145.5.0,6
1.145.87.11,6
1.145.94.14,8
1.146.14.0,6
1.146.167.202,9
1.146.18.0,6
1.146.189.1,6
1.146.190.1,6
1.146.191.1,6
1.146.192.1,6
1.146.193.1,6
1.146.195.1,6
1.146.197.1,6
1.146.216.11,6
1.146.23.0,6
1.146.24.0,6
1.146.29.0,6
1.146.86.11,6
1.146.88.11,6
1.146.9.0,6
1.147.13.0,6
1.147.15.0,6
1.147.17.0,6
1.147.187.1,6
1.147.194.1,6
1.147.195.1,6
1.147.198.1,6
1.147.20.0,6
1.147.22.0,6
1.147.23.0,6
1.147.237.14,8
1.147.25.0,6
1.147.28.0,6
1.147.3.0,6
1.147.30.0,6
1.147.8.0,6
1.147.83.11,6
1.147.87.11,6
1.147.90.11,6
1.147.93.11,6
1.148.1.0,6
1.148.14.0,6
1.148.16.0,6
1.148.17.0,6
1.148.186.1,6
1.148.187.1,6
1.148.188.1,6
1.148.192.1,6
1.148.193.1,6
1.148.2.0,6
1.148.21.0,6
1.148.236.0,6
1.148.24.0,6
1.148.249.4,8
1.148.4.0,6
1.148.43.0,6
1.148.53.7,6
1.148.6.0,6
1.148.7.0,6
1.148.86.11,6
1.148.87.11,6
1.148.92.11,6
1.149.13.0,6
1.149.15.0,6
1.149.18.0,6
1.149.186.1,6
1.149.189.1,6
1.149.190.1,6
1.149.195.1,6
1.149.198.1,6
1.149.20.0,6
1.149.238.221,114
1.149.26.0,6
1.149.40.41,18
1.149.5.0,6
1.149.8.0,6
1.149.83.11,6
1.149.86.11,6
1.149.90.11,6
1.149.91.11,6
1.149.93.11,6
1.15.0.0,24
1.15.1.0,23
1.15.130.0,6
1.15.132.243,17
1.15.189.1,6
1.15.19.0,6
1.15.190.1,6
1.15.193.1,6
1.15.194.1,6
1.15.197.1,6
1.15.20.0,6
1.15.22.0,6
1.15.234.0,6
1.15.24.0,6
1.15.29.0,6
1.15.30.0,6
1.15.7.0,6
1.15.85.11,6
1.15.89.11,6
1.15.90.11,6
1.15.92.11,6
1.15.97.0,6
1.150.121.15,6
1.150.171.0,6
1.150.187.1,6
1.150.188.1,6
1.150.19.0,6
1.150.191.1,6
1.150.197.1,6
1.150.198.1,6
1.150.2.0,6
1.150.214.0,6
1.150.22.0,6
1.150.22.15,6
1.150.226.217,114
1.150.27.0,6
1.150.4.0,6
1.150.47.12,8
1.150.51.12,8
1.150.69.1,6
1.150.7.0,6
1.150.84.11,6
1.150.85.11,6
1.150.89.11,6
1.150.90.11,6
1.150.92.11,6
1.150.94.11,6
1.151.1.0,6
1.151.186.1,6
1.151.190.1,6
1.151.192.1,6
1.151.194.1,6
1.151.197.13,6
1.151.198.1,6
1.151.23.0,6
1.151.25.14,6
1.152.10.0,6
1.152.12.0,6
1.152.13.0,6
1.152.15.0,6
1.152.154.125,6
1.152.172.1,6
1.152.179.0,6
1.152.187.1,6
1.152.188.1,6
1.152.190.1,6
1.152.191.1,6
1.152.193.1,6
1.152.195.1,6
1.152.196.1,8
1.152.197.1,6
1.152.20.0,6
1.152.27.0,6
1.152.28.0,6
1.152.35.4,6
1.152.5.0,6
1.152.88.11,6
1.152.92.11,6
1.152.93.11,6
1.153.1.0,6
1.153.16.0,6
1.153.17.0,6
1.153.187.1,6
1.153.19.0,6
1.153.190.1,6
1.153.196.1,6
1.153.21.0,6
1.153.243.12,6
1.153.252.11,6
1.153.27.0,6
1.153.4.0,6
1.153.6.0,6
1.153.7.0,6
1.153.89.11,6
1.153.91.11,6
1.153.94.11,6
1.154.11.0,6
1.154.187.1,6
1.154.193.1,6
1.154.194.1,6
1.154.208.0,6
1.154.219.2,6
1.154.88.11,6
1.154.91.11,6
1.154.93.11,6
1.155.166.1,8
1.155.187.1,6
1.155.19.0,6
1.155.190.1,6
1.155.191.1,6
1.155.192.1,6
1.155.197.1,6
1.155.198.0,6
1.155.2.0,6
1.155.20.0,6
1.155.24.0,6
1.155.27.0,6
1.155.30.0,6
1.155.38.1,6
1.155.49.5,6
1.155.5.0,6
1.155.59.37,17
1.155.64.12,6
1.155.89.11,6
1.155.90.11,6
1.156.1.0,6
1.156.119.1,6
1.156.13.0,6
1.156.14.0,6
1.156.18.0,6
1.156.186.1,6
1.156.187.3,8
1.156.188.1,6
1.156.189.1,6
1.156.190.1,6
1.156.191.1,6
1.156.194.1,6
1.156.195.1,6
1.156.197.1,6
1.156.21.0,6
1.156.7.0,7
1.156.83.11,6
1.156.84.11,6
1.156.88.11,6
1.156.91.11,6
1.157.12.0,6
1.157.13.0,6
1.157.165.11,6
1.157.178.11,6
1.157.187.1,6
1.157.188.1,6
1.157.189.1,6
1.157.191.1,6
1.157.192.1,6
1.157.194.1,6
1.157.2.0,6
1.157.27.0,6
1.157.3.0,6
1.157.30.0,6
1.157.64.230,111
1.157.87.11,6
1.157.88.11,6
1.157.90.11,6
1.158.14.0,6
1.158.16.0,6
1.158.17.0,6
1.158.178.1,6
1.158.187.1,6
1.158.188.1,6
1.158.189.1,6
1.158.190.1,6
1.158.191.1,6
1.158.194.1,6
1.158.24.0,6
1.158.248.5,6
1.158.27.0,6
1.158.84.11,6
1.158.86.11,6
1.158.91.11,6
1.158.92.11,6
1.159.10.0,6
1.159.186.1,6
1.159.189.1,6
1.159.191.1,6
1.159.192.1,6
1.159.194.1,6
1.159.196.1,6
1.159.197.1,6
1.159.21.0,6
1.159.23.0,6
1.159.25.0,6
1.159.26.0,6
1.159.28.0,6
1.159.30.0,6
1.159.5.0,6
1.159.6.0,6
1.159.85.11,6
1.159.91.11,6
1.159.93.11,6
1.16.13.0,6
1.16.168.6,8
1.16.188.1,6
1.16.189.1,6
1.16.19.0,6
1.16.191.1,8
1.16.193.1,6
1.16.198.1,6
1.16.202.13,6
1.16.228.0,6
1.16.86.11,6
1.16.89.11,6
1.160.103.0,6
1.160.110.4,8
1.160.12.0,6
1.160.171.115,6
1.160.186.1,6
1.160.187.1,6
1.160.188.1,6
1.160.190.1,6
1.160.196.1,6
1.160.197.1,6
1.160.2.0,6
1.160.20.0,6
1.160.205.0,6
1.160.22.0,6
1.160.25.0,6
1.160.30.0,6
1.160.73.8,8
1.160.83.0,8
1.160.84.11,6
1.160.85.11,6
1.161.13.0,6
1.161.18.0,6
1.161.19.0,6
1.161.190.1,6
1.161.191.1,6
1.161.193.1,6
1.161.195.1,6
1.161.196.1,6
1.161.206.166,8
1.161.21.0,6
1.161.222.221,113
1.161.24.0,6
1.161.28.0,6
1.161.4.0,6
1.161.47.1,6
1.161.6.0,6
1.161.83.11,6
1.161.89.11,6
1.161.91.11,6
1.162.10.0,6
1.162.13.0,6
1.162.16.1,6
1.162.186.1,6
1.162.191.1,6
1.162.192.1,6
1.162.195.1,6
1.162.197.1,6
1.162.2.0,6
1.162.23.0,6
1.162.25.0,6
1.162.27.0,6
1.162.30.0,6
1.162.62.0,8
1.162.66.139,18
1.162.7.0,6
1.162.74.1,6
1.162.8.0,6
1.162.83.11,6
1.162.85.11,6
1.162.90.11,6
1.163.0.0,19
1.163.1.0,6
1.163.14.0,6
1.163.155.1,6
1.163.186.1,6
1.163.187.1,6
1.163.189.1,6
1.163.193.1,6
1.163.197.1,6
1.163.2.0,6
1.163.24.0,6
1.163.240.152,9
1.163.26.0,6
1.163.7.0,6
1.163.7.6,6
1.163.86.11,6
1.163.87.11,6
1.163.89.11,6
1.163.9.0,6
1.163.91.11,6
1.163.92.11,6
1.163.94.11,6
1.164.1.0,6
1.164.138.1,6
1.164.18.0,6
1.164.186.1,6
1.164.188.1,6
1.164.189.1,6
1.164.195.1,6
1.164.20.0,6
1.164.21.0,6
1.164.25.0,6
1.164.26.0,6
1.164.3.0,6
1.164.30.0,6
1.164.48.0,6
1.164.5.0,6
1.164.6.0,6
1.164.86.11,6
1.164.92.0,8
1.165.118.0,6
1.165.15.0,6
1.165.164.1,6
1.165.184.1,6
1.165.187.1,6
1.165.19.0,6
1.165.192.1,6
1.165.2.0,6
1.165.22.0,6
1.165.24.0,6
1.165.240.108,18
1.165.29.0,6
1.165.30.0,6
1.165.5.0,7
1.165.7.0,6
1.165.84.11,6
1.165.87.11,6
1.165.89.11,6
1.165.90.11,6
1.166.1.0,6
1.166.11.0,6
1.166.120.14,6
1.166.16.0,6
1.166.18.0,6
1.166.181.14,6
1.166.188.1,6
1.166.191.0,6
1.166.191.1,6
1.166.192.1,6
1.166.194.1,6
1.166.24.0,6
1.166.26.0,6
1.166.26.1,6
1.166.28.0,6
1.166.50.71,17
1.166.8.0,6
1.166.83.11,6
1.166.88.11,6
1.166.9.0,6
1.166.91.11,6
1.166.93.11,6
1.166.94.11,6
1.167.12.0,6
1.167.174.12,6
1.167.188.1,6
1.167.191.1,6
1.167.192.1,6
1.167.197.1,6
1.167.2.0,6
1.167.22.0,6
1.167.25.0,6
1.167.27.0,6
1.167.5.0,6
1.167.7.0,6
1.167.83.11,6
1.167.85.11,6
1.167.87.11,6
1.167.90.11,6
1.167.93.11,6
1.168.1.0,6
1.168.128.1,6
1.168.13.15,6
1.168.14.0,6
1.168.17.0,6
1.168.180.13,6
1.168.186.1,6
1.168.188.1,6
1.168.189.1,6
1.168.19.0,6
1.168.193.1,6
1.168.197.1,6
1.168.21.0,6
1.168.25.0,8
1.168.26.0,6
1.168.27.0,6
1.168.34.1,6
1.168.86.11,6
1.168.88.12,6
1.168.89.11,6
1.168.9.0,6
1.169.132.1,6
1.169.144.1,6
1.169.18.0,6
1.169.192.1,6
1.169.193.1,6
1.169.196.1,6
1.169.197.1,6
1.169.20.0,6
1.169.30.0,6
1.169.6.0,6
1.169.8.0,6
1.169.86.11,6
1.169.88.1,6
1.169.90.11,6
1.169.91.11,6
1.169.93.11,6
1.17.1.0,22
1.17.10.0,6
1.17.104.15,8
1.17.168.8,6
1.17.17.0,6
1.17.187.1,6
1.17.188.1,6
1.17.189.1,6
1.17.191.1,6
1.17.193.1,6
1.17.195.1,6
1.17.197.1,6
1.17.198.1,6
1.17.2.0,6
1.17.20.0,6
1.17.22.0,6
1.17.25.0,6
1.17.27.0,6
1.17.3.0,6
1.17.30.0,6
1.17.5.0,6
1.17.87.11,6
1.17.88.11,6
1.17.88.15,8
1.17.92.11,6
1.17.93.11,6
1.17.95.11,6
1.170.10.0,6
1.170.12.0,6
1.170.14.0,6
1.170.144.0,6
1.170.15.0,6
1.170.186.1,6
1.170.187.1,6
1.170.191.1,6
1.170.193.1,6
1.170.195.1,6
1.170.197.1,6
1.170.20.0,6
1.170.25.0,6
1.170.34.1,6
1.170.4.0,6
1.170.5.0,6
1.170.57.228,115
1.170.85.11,6
1.170.87.11,6
1.170.89.11,6
1.170.9.0,6
1.170.90.11,6
1.171.0.0,21
1.171.11.0,6
1.171.156.0,6
1.171.158.0,6
1.171.188.1,6
1.171.192.1,6
1.171.195.1,6
1.171.197.1,6
1.171.23.0,6
1.171.24.0,6
1.171.3.0,6
1.171.30.0,6
1.171.60.1,6
1.171.83.11,6
1.171.84.11,6
1.171.86.11,6
1.171.9.0,6
1.172.102.121,9
1.172.112.101,19
1.172.12.0,6
1.172.13.13,6
1.172.15.0,6
1.172.189.1,6
1.172.190.1,6
1.172.191.1,6
1.172.192.1,6
1.172.194.1,6
1.172.197.1,6
1.172.2.0,6
1.172.23.0,6
1.172.30.0,6
1.172.8.0,6
1.172.8.1,6
1.172.85.11,6
1.172.87.11,6
1.172.88.11,6
1.172.90.11,6
1.173.11.0,6
1.173.12.0,6
1.173.14.0,6
1.173.148.1,6
1.173.186.1,6
1.173.187.1,6
1.173.19.0,6
1.173.190.1,6
1.173.191.1,6
1.173.193.1,6
1.173.194.1,6
1.173.196.1,6
1.173.24.0,6
1.173.26.0,6
1.173.29.0,6
1.173.6.0,6
1.173.86.11,6
1.173.89.11,6
1.173.92.11,6
1.173.94.11,6
1.174.1.0,6
1.174.101.13,6
1.174.16.0,6
1.174.18.0,6
1.174.186.0,6
1.174.186.1,6
1.174.187.1,6
1.174.189.1,6
1.174.190.1,6
1.174.192.1,6
1.174.193.1,6
1.174.195.1,6
1.174.196.1,6
1.174.197.1,6
1.174.20.0,6
1.174.26.0,6
1.174.30.0,6
1.174.8.0,6
1.174.85.11,6
1.174.90.11,6
1.175.12.0,6
1.175.14.0,6
1.175.189.1,6
1.175.191.1,6
1.175.192.1,6
1.175.195.1,6
1.175.197.1,6
1.175.84.11,6
1.175.85.11,6
1.175.89.11,6
1.175.9.0,6
1.175.90.11,6
1.175.92.11,6
1.175.94.11,6
1.176.11.0,6
1.176.129.0,6
1.176.186.1,6
1.176.187.1,6
1.176.188.1,6
1.176.189.1,6
1.176.190.1,6
1.176.191.1,6
1.176.192.1,6
1.176.193.1,6
1.176.194.1,6
1.176.195.1,6
1.176.195.213,113
1.176.196.1,6
1.176.20.15,6
1.176.23.0,6
1.176.24.0,6
1.176.28.0,6
1.176.3.0,6
1.176.8.0,6
1.176.83.11,6
1.176.84.11,6
1.176.91.11,6
1.176.93.11,6
1.177.115.0,6
1.177.12.0,6
1.177.135.1,6
1.177.164.0,6
1.177.17.0,6
1.177.18.0,6
1.177.188.1,6
1.177.189.1,6
1.177.190.1,6
1.177.191.1,6
1.177.193.1,6
1.177.194.1,6
1.177.195.1,6
1.177.196.1,6
1.177.20.0,6
1.177.23.0,6
1.177.25.0,6
1.177.27.0,6
1.177.28.0,6
1.177.3.0,6
1.177.5.0,6
1.177.92.11,6
1.177.93.11,6
1.178.13.9,6
1.178.147.18,6
1.178.17.0,6
1.178.19.0,6
1.178.190.1,6
1.178.191.1,6
1.178.193.1,6
1.178.194.1,6
1.178.196.1,6
1.178.197.1,6
1.178.235.13,6
1.178.27.0,6
1.178.6.0,6
1.178.67.10,34
1.178.7.0,6
1.178.87.11,6
1.178.91.11,6
1.179.139.1,6
1.179.15.0,6
1.179.192.1,6
1.179.23.3,10
1.179.30.0,6
1.179.5.0,6
1.179.8.0,6
1.179.85.11,6
1.18.1.0,15
1.18.12.0,6
1.18.123.4,8
1.18.132.0,6
1.18.14.0,6
1.18.163.237,115
1.18.165.5,8
1.18.187.1,6
1.18.189.1,6
1.18.191.1,6
1.18.192.1,6
1.18.193.1,6
1.18.195.1,6
1.18.196.1,6
1.18.197.1,6
1.18.24.0,6
1.18.251.0,6
1.18.49.208,115
1.18.7.0,6
1.18.84.11,6
1.18.86.11,6
1.18.87.11,6
1.18.91.11,6
1.18.93.1,6
1.18.94.11,6
1.180.12.0,6
1.180.121.12,6
1.180.17.0,6
1.180.187.1,6
1.180.188.1,6
1.180.190.1,6
1.180.191.1,6
1.180.194.1,6
1.180.195.0,6
1.180.2.0,6
1.180.22.0,6
1.180.24.0,6
1.180.25.0,6
1.180.29.0,6
1.180.30.0,6
1.180.4.0,6
1.180.87.11,6
1.180.89.11,6
1.180.90.11,6
1.180.94.11,6
1.181.1.0,6
1.181.11.0,6
1.181.13.0,6
1.181.174.0,6
1.181.187.1,6
1.181.189.1,6
1.181.19.0,6
1.181.191.1,6
1.181.194.1,6
1.181.221.11,6
1.181.26.0,6
1.181.28.0,6
1.181.4.0,6
1.181.6.0,6
1.181.84.11,6
1.181.86.11,6
1.181.86.14,6
1.181.89.11,6
1.181.91.11,6
1.181.94.11,6
1.182.10.0,6
1.182.14.0,7
1.182.187.1,6
1.182.188.1,6
1.182.189.1,6
1.182.19.0,7
1.182.194.1,6
1.182.196.1,6
1.182.197.1,6
1.182.20.0,6
1.182.25.0,7
1.182.28.0,6
1.182.30.0,6
1.182.5.0,8
1.182.51.0,6
1.182.61.1,6
1.182.68.1,6
1.182.7.0,6
1.182.8.0,6
1.182.82.0,6
1.182.87.11,6
1.182.88.11,6
1.183.11.0,6
1.183.12.0,6
1.183.174.13,6
1.183.188.1,6
1.183.194.1,6
1.183.196.1,6
1.183.197.1,6
1.183.250.0,6
1.183.27.0,6
1.183.4.0,6
1.183.6.0,6
1.183.67.0,6
1.183.7.0,6
1.183.84.11,6
1.183.86.11,6
1.183.91.11,6
1.184.1.0,6
1.184.11.0,6
1.184.18.0,6
1.184.186.1,6
1.184.187.1,6
1.184.189.1,6
1.184.192.1,6
1.184.194.1,6
1.184.197.1,6
1.184.20.0,6
1.184.23.0,6
1.184.23.1,6
1.184.28.0,6
1.184.54.13,12
1.184.57.3,8
1.184.65.137,18
1.184.83.11,6
1.184.86.11,6
1.184.90.11,6
1.185.166.0,6
1.185.17.0,6
1.185.186.1,6
1.185.189.1,6
1.185.19.0,6
1.185.195.1,6
1.185.197.1,6
1.185.2.0,6
1.185.20.0,6
1.185.5.0,6
1.185.55.0,6
1.185.7.0,6
1.185.84.11,6
1.185.85.11,6
1.185.94.11,6
1.186.13.0,6
1.186.18.0,6
1.186.187.1,6
1.186.19.0,6
1.186.192.1,6
1.186.195.1,6
1.186.197.1,6
1.186.20.0,6
1.186.23.0,6
1.186.24.0,6
1.186.249.0,6
1.186.4.0,6
1.186.49.234,11
1.186.8.0,6
1.186.84.11,6
1.186.89.11,6
1.186.93.11,6
1.187.10.0,6
1.187.113.13,6
1.187.115.1,6
1.187.129.12,6
1.187.13.0,6
1.187.146.1,6
1.187.17.0,6
1.187.187.1,6
1.187.189.1,6
1.187.190.1,6
1.187.191.1,6
1.187.192.1,6
1.187.196.1,6
1.187.23.0,6
1.187.30.0,6
1.187.48.0,6
1.187.83.11,6
1.187.87.11,6
1.187.88.11,6
1.188.1.0,6
1.188.101.11,6
1.188.187.1,6
1.188.188.1,6
1.188.189.1,6
1.188.195.1,6
1.188.196.1,6
1.188.197.1,6
1.188.2.0,6
1.188.21.0,6
1.188.26.0,6
1.188.29.0,6
1.188.6.0,6
1.188.89.11,6
1.188.9.0,6
1.188.91.11,6
1.188.94.11,6
1.189.1.0,6
1.189.10.0,6
1.189.13.0,6
1.189.18.0,6
1.189.186.1,6
1.189.187.1,6
1.189.191.1,6
1.189.193.1,6
1.189.195.1,6
1.189.197.1,6
1.189.20.0,6
1.189.204.5,10
1.189.21.0,6
1.189.23.0,6
1.189.30.0,6
1.189.48.125,6
1.189.5.0,6
1.189.57.250,17
1.189.6.0,6
1.189.8.0,6
1.189.8.7,6
1.189.83.11,6
1.189.85.11,6
1.189.86.7,6
1.189.90.0,6
1.19.0.0,20
1.19.1.0,20
1.19.13.0,6
1.19.187.1,6
1.19.189.1,6
1.19.192.1,6
1.19.193.1,6
1.19.195.1,6
1.19.196.1,6
1.19.198.1,6
1.19.20.0,6
1.19.30.0,6
1.19.32.1,6
1.19.54.3,6
1.19.85.0,6
1.19.85.11,6
1.19.88.11,6
1.19.91.11,6
1.19.93.11,6
1.190.10.0,6
1.190.17.0,6
1.190.186.1,6
1.190.189.1,6
1.190.190.1,6
1.190.192.14,6
1.190.193.1,6
1.190.194.1,6
1.190.196.1,6
1.190.22.0,6
1.190.27.0,6
1.190.30.0,6
1.190.4.0,6
1.190.43.1,6
1.190.85.11,6
1.190.92.11,6
1.191.0.0,19
1.191.14.0,6
1.191.16.0,6
1.191.167.117,6
1.191.18.0,6
1.191.189.1,6
1.191.19.0,6
1.191.194.1,6
1.191.195.1,6
1.191.203.1,8
1.191.234.0,6
1.191.24.0,6
1.191.26.0,6
1.191.38.12,6
1.191.84.11,6
1.191.89.11,6
1.191.91.11,6
1.192.0.0,18
1.192.10.0,6
1.192.12.0,6
1.192.12.1,6
1.192.150.1,6
1.192.17.0,6
1.192.197.1,6
1.192.2.0,6
1.192.216.12,8
1.192.27.0,6
1.192.48.146,6
1.192.5.0,6
1.192.7.0,6
1.192.8.0,6
1.192.83.11,6
1.192.87.11,6
1.192.90.11,6
1.192.93.1,6
1.192.93.11,6
1.193.1.0,6
1.193.12.0,6
1.193.14.0,6
1.193.186.1,6
1.193.187.1,6
1.193.188.1,6
1.193.189.1,6
1.193.19.0,6
1.193.190.1,6
1.193.193.1,6
1.193.195.1,6
1.193.196.1,6
1.193.197.1,6
1.193.2.0,6
1.193.246.35,17
1.193.4.0,6
1.193.86.11,6
1.193.91.11,6
1.193.94.11,6
1.194.16.0,6
1.194.161.13,6
1.194.189.1,6
1.194.190.1,6
1.194.197.1,6
1.194.242.213,113
1.194.25.0,6
1.194.26.13,8
1.194.3.0,6
1.194.83.11,6
1.194.85.11,6
1.194.90.11,6
1.195.138.1,6
1.195.15.1,6
1.195.174.9,8
1.195.188.1,6
1.195.189.1,6
1.195.190.1,6
1.195.191.1,6
1.195.193.1,6
1.195.194.1,6
1.195.20.0,6
1.195.24.0,6
1.195.25.0,6
1.195.27.0,6
1.195.5.0,6
1.195.77.118,7
1.195.84.11,6
1.195.90.11,6
1.196.1.0,6
1.196.103.4,8
1.196.11.0,6
1.196.11.6,6
1.196.16.0,6
1.196.175.0,8
1.196.18.0,6
1.196.187.5,6
1.196.196.1,6
1.196.197.1,6
1.196.4.0,6
1.196.86.11,6
1.196.9.0,8
1.196.93.11,6
1.196.94.11,6
1.197.0.0,20
1.197.102.1,6
1.197.17.0,6
1.197.186.1,6
1.197.188.1,6
1.197.190.1,6
1.197.193.1,8
1.197.195.1,6
1.197.196.1,6
1.197.2.0,6
1.197.20.0,6
1.197.219.14,6
1.197.25.0,6
1.197.251.12,10
1.197.27.0,6
1.197.5.0,6
1.197.7.0,6
1.197.85.11,6
1.197.93.11,6
1.198.0.0,18
1.198.187.1,6
1.198.188.1,6
1.198.189.1,6
1.198.191.1,6
1.198.192.1,6
1.198.194.1,6
1.198.195.1,6
1.198.196.1,6
1.198.197.1,6
1.198.2.0,6
1.198.21.0,6
1.198.217.0,6
1.198.24.0,6
1.198.25.1,6
1.198.27.0,6
1.198.29.0,6
1.198.84.11,6
1.198.86.11,6
1.198.87.11,6
1.198.9.0,6
1.198.91.11,6
1.198.94.11,6
1.199.0.0,22
1.199.10.0,6
1.199.13.0,6
1.199.18.0,6
1.199.186.1,6
1.199.189.1,6
1.199.190.1,6
1.199.191.1,6
1.199.192.1,6
1.199.193.1,6
1.199.196.1,6
1.199.207.14,6
1.199.28.0,6
1.199.29.10,8
1.199.3.0,6
1.199.42.1,6
1.199.5.0,6
1.199.57.14,6
1.199.78.105,17
1.199.86.11,6
1.199.91.11,6
1.2.1.0,19
1.2.12.0,6
1.2.126.13,6
1.2.13.0,6
1.2.17.0,6
1.2.18.0,6
1.2.188.1,6
1.2.191.1,6
1.2.193.1,6
1.2.196.1,6
1.2.23.0,6
1.2.85.11,6
1.2.92.11,6
1.2.93.11,6
1.20.1.0,20
1.20.14.0,6
1.20.187.1,6
1.20.188.1,6
1.20.189.1,6
1.20.19.0,6
1.20.191.1,6
1.20.193.1,6
1.20.194.1,6
1.20.197.1,6
1.20.198.1,6
1.20.211.3,8
1.20.217.0,6
1.20.24.0,6
1.20.25.0,6
1.20.27.0,6
1.20.29.0,6
1.20.34.0,6
1.20.5.0,6
1.20.84.11,6
1.20.87.11,6
1.20.89.11,6
1.20.9.21,6
1.20.90.11,6
1.20.92.11,6
1.200.0.0,24
1.200.102.201,15
1.200.171.1,6
1.200.187.1,6
1.200.190.1,6
1.200.191.0,6
1.200.192.1,6
1.200.193.1,6
1.200.196.1,6
1.200.22.0,6
1.200.25.0,6
1.200.29.0,6
1.200.30.0,6
1.200.4.14,6
1.200.7.0,6
1.200.84.11,6
1.200.9.0,6
1.200.92.11,6
1.200.94.11,6
1.201.0.0,25
1.201.11.0,6
1.201.135.0,6
1.201.14.0,6
1.201.16.0,6
1.201.186.1,6
1.201.187.1,6
1.201.188.1,6
1.201.19.0,6
1.201.190.1,6
1.201.197.1,6
1.201.23.0,6
1.201.255.7,6
1.201.3.0,6
1.201.6.0,6
1.201.69.118,7
1.201.8.0,6
1.201.84.11,6
1.201.86.11,6
1.201.89.11,6
1.201.93.11,6
1.202.0.0,24
1.202.10.0,6
1.202.117.12,6
1.202.151.1,6
1.202.186.1,6
1.202.187.1,6
1.202.191.1,6
1.202.193.1,6
1.202.194.1,6
1.202.195.1,6
1.202.2.0,6
1.202.209.14,6
1.202.22.0,6
1.202.23.0,6
1.202.238.171,6
1.202.25.0,8
1.202.3.0,6
1.202.30.0,6
1.202.7.0,6
1.202.8.0,6
1.202.88.11,6
1.202.90.11,6
1.202.92.11,6
1.203.0.0,21
1.203.1.0,6
1.203.187.1,6
1.203.189.1,6
1.203.191.1,6
1.203.193.1,6
1.203.194.1,6
1.203.195.1,6
1.203.196.1,6
1.203.197.1,6
1.203.2.0,6
1.203.24.0,6
1.203.26.0,6
1.203.27.0,6
1.203.4.0,6
1.203.6.0,6
1.203.84.11,6
1.203.86.11,6
1.203.89.11,6
1.203.96.0,6
1.204.0.0,20
1.204.112.12,6
1.204.16.0,6
1.204.187.1,6
1.204.188.1,6
1.204.190.1,6
1.204.192.1,6
1.204.195.1,6
1.204.207.169,6
1.204.214.6,8
1.204.28.0,6
1.204.30.0,6
1.204.83.11,6
1.204.88.11,6
1.204.91.11,6
1.204.93.11,6
1.205.0.0,20
1.205.11.2,8
1.205.15.0,6
1.205.153.1,10
1.205.161.0,6
1.205.179.1,6
1.205.186.1,6
1.205.187.1,6
1.205.188.1,6
1.205.189.1,6
1.205.19.0,6
1.205.190.1,6
1.205.191.1,6
1.205.194.1,6
1.205.196.1,6
1.205.22.0,6
1.205.24.0,6
1.205.27.0,6
1.205.68.13,6
1.205.84.11,6
1.205.87.11,6
1.205.89.11,6
1.205.9.0,6
1.205.90.11,8
1.205.92.11,6
1.206.0.0,23
1.206.14.0,6
1.206.145.1,6
1.206.16.0,6
1.206.190.1,6
1.206.195.1,6
1.206.197.1,6
1.206.23.0,6
1.206.26.0,6
1.206.28.0,6
1.206.4.0,6
1.206.83.11,6
1.206.84.11,6
1.206.89.11,6
1.206.9.0,6
1.206.93.11,6
1.207.0.0,23
1.207.12.0,6
1.207.13.0,6
1.207.186.1,6
1.207.188.1,6
1.207.189.1,6
1.207.190.4,6
1.207.191.1,6
1.207.194.1,6
1.207.195.1,6
1.207.197.1,8
1.207.20.0,6
1.207.23.0,6
1.207.25.7,8
1.207.27.0,6
1.207.3.0,6
1.207.50.253,11
1.207.7.0,6
1.207.83.11,6
1.207.85.11,6
1.207.87.11,6
1.207.88.11,6
1.207.92.11,6
1.207.93.11,6
1.208.0.0,21
1.208.11.0,6
1.208.187.1,6
1.208.189.1,6
1.208.19.0,6
1.208.190.1,6
1.208.191.1,6
1.208.193.1,6
1.208.194.1,6
1.208.21.0,6
1.208.24.0,6
1.208.27.0,6
1.208.29.0,6
1.208.40.7,6
1.208.84.11,6
1.208.89.11,6
1.208.9.0,6
1.208.94.11,6
1.209.0.0,24
1.209.188.1,6
1.209.189.1,6
1.209.191.1,6
1.209.192.1,6
1.209.196.1,6
1.209.218.14,6
1.209.26.0,6
1.209.83.11,6
1.209.85.11,6
1.209.86.11,6
1.209.88.11,6
1.209.90.11,6
1.209.91.11,6
1.209.93.11,6
1.209.93.3,6
1.21.0.0,25
1.21.1.0,15
1.21.11.0,6
1.21.13.0,6
1.21.14.0,6
1.21.154.5,10
1.21.187.1,6
1.21.189.1,6
1.21.190.1,6
1.21.192.1,6
1.21.193.1,6
1.21.195.1,6
1.21.196.1,6
1.21.226.100,18
1.21.23.0,6
1.21.24.0,6
1.21.26.0,6
1.21.28.0,6
1.21.29.0,6
1.21.86.11,6
1.21.93.127,6
1.21.94.11,6
1.210.0.0,23
1.210.10.0,6
1.210.12.0,6
1.210.155.0,6
1.210.17.0,6
1.210.186.1,6
1.210.189.1,6
1.210.191.1,6
1.210.193.1,6
1.210.194.1,6
1.210.197.1,6
1.210.2.0,6
1.210.22.0,6
1.210.233.13,6
1.210.35.46,6
1.210.63.11,8
1.210.7.0,6
1.210.85.11,6
1.210.9.0,6
1.210.91.12,6
1.210.92.11,6
1.210.98.0,6
1.211.0.0,23
1.211.14.0,6
1.211.18.0,6
1.211.186.1,6
1.211.187.1,6
1.211.189.1,6
1.211.190.1,6
1.211.191.1,6
1.211.194.1,6
1.211.195.1,6
1.211.196.1,6
1.211.197.1,6
1.211.21.0,6
1.211.24.0,6
1.211.83.11,6
1.211.86.11,6
1.211.88.11,6
1.211.9.0,6
1.212.0.0,18
1.212.10.0,6
1.212.15.0,6
1.212.154.14,6
1.212.17.0,6
1.212.188.1,6
1.212.189.1,6
1.212.191.1,6
1.212.192.1,6
1.212.193.1,6
1.212.195.1,6
1.212.197.1,6
1.212.20.0,6
1.212.22.0,6
1.212.226.0,6
1.212.37.12,10
1.212.8.0,6
1.212.83.11,6
1.212.92.11,6
1.212.93.11,6
1.213.0.0,25
1.213.103.1,6
1.213.11.0,6
1.213.116.1,6
1.213.117.0,6
1.213.14.0,6
1.213.16.0,6
1.213.186.1,6
1.213.189.1,6
1.213.19.0,6
1.213.195.1,6
1.213.197.1,6
1.213.2.0,6
1.213.24.0,6
1.213.255.12,6
1.213.26.0,6
1.213.27.0,6
1.213.7.0,6
1.213.86.11,6
1.213.91.11,6
1.213.95.12,6
1.213.99.0,6
1.214.0.0,23
1.214.1.0,6
1.214.10.0,6
1.214.11.0,6
1.214.15.0,6
1.214.18.0,6
1.214.188.1,6
1.214.190.1,6
1.214.193.1,6
1.214.195.1,6
1.214.197.1,6
1.214.25.105,18
1.214.28.0,6
1.214.30.0,6
1.214.8.0,6
1.214.83.11,6
1.214.86.11,6
1.214.88.11,6
1.214.90.11,6
1.215.0.0,21
1.215.15.0,6
1.215.181.0,6
1.215.186.1,6
1.215.187.1,6
1.215.190.1,6
1.215.191.1,6
1.215.197.1,6
1.215.20.0,6
1.215.22.0,6
1.215.230.13,6
1.215.5.0,6
1.215.56.12,6
1.215.85.11,6
1.215.9.0,6
1.215.90.11,6
1.216.0.0,19
1.216.1.0,6
1.216.11.0,6
1.216.186.1,6
1.216.187.1,6
1.216.189.0,6
1.216.191.1,6
1.216.194.1,6
1.216.4.0,6
1.216.40.0,6
1.216.83.11,6
1.216.84.11,6
1.216.86.11,6
1.216.88.11,6
1.216.93.11,6
1.216.94.11,6
1.217.0.0,18
1.217.10.0,6
1.217.12.0,6
1.217.15.0,6
1.217.186.1,6
1.217.188.1,6
1.217.189.1,6
1.217.192.1,6
1.217.195.1,6
1.217.197.1,6
1.217.25.0,6
1.217.252.0,6
1.217.30.0,6
1.217.5.0,6
1.217.7.0,6
1.217.81.40,6
1.217.83.11,6
1.217.87.11,6
1.217.90.11,6
1.218.0.0,21
1.218.1.0,6
1.218.12.0,6
1.218.130.195,6
1.218.188.1,6
1.218.189.1,6
1.218.19.0,6
1.218.190.1,6
1.218.193.1,6
1.218.196.1,6
1.218.24.0,6
1.218.6.0,6
1.218.84.11,6
1.218.91.11,6
1.218.92.11,6
1.218.94.11,6
1.219.0.0,21
1.219.1.0,6
1.219.11.0,6
1.219.123.0,6
1.219.187.1,6
1.219.191.1,6
1.219.193.1,6
1.219.195.1,6
1.219.196.1,6
1.219.197.1,6
1.219.20.7,6
1.219.21.0,6
1.219.226.0,6
1.219.23.0,6
1.219.243.0,6
1.219.25.0,6
1.219.26.0,6
1.219.3.0,6
1.219.31.13,8
1.219.36.15,6
1.219.88.11,6
1.219.93.11,6
1.22.1.0,20
1.22.10.0,6
1.22.11.0,6
1.22.111.12,6
1.22.113.1,6
1.22.12.0,6
1.22.123.0,6
1.22.13.0,6
1.22.137.3,6
1.22.17.0,6
1.22.188.1,6
1.22.191.1,6
1.22.196.1,6
1.22.27.0,6
1.22.28.0,6
1.22.30.0,6
1.22.31.0,6
1.22.51.0,6
1.22.66.15,12
1.22.8.0,6
1.22.85.11,6
1.22.87.1,6
1.22.87.11,6
1.22.92.11,6
1.22.93.11,6
1.220.0.0,22
1.220.10.0,6
1.220.12.0,6
1.220.187.1,6
1.220.189.1,6
1.220.192.1,6
1.220.193.1,6
1.220.194.1,6
1.220.20.0,6
1.220.200.118,9
1.220.224.14,6
1.220.25.0,6
1.220.29.0,6
1.220.4.0,6
1.220.5.0,6
1.220.53.118,6
1.220.58.1,6
1.220.7.16,15
1.220.85.11,6
1.220.87.11,6
1.220.9.0,6
1.221.0.0,12
1.221.106.0,6
1.221.123.242,18
1.221.13.0,6
1.221.16.0,6
1.221.167.12,6
1.221.189.5,6
1.221.194.1,6
1.221.196.1,6
1.221.26.0,6
1.221.29.0,6
1.221.4.0,6
1.221.8.0,6
1.221.9.0,6
1.221.91.11,6
1.221.93.11,6
1.221.94.11,6
1.222.0.0,20
1.222.1.20,6
1.222.10.0,8
1.222.130.1,6
1.222.149.0,6
1.222.186.1,6
1.222.187.1,6
1.222.188.1,6
1.222.189.1,6
1.222.191.1,6
1.222.194.1,6
1.222.195.1,6
1.222.196.1,6
1.222.200.80,105
1.222.201.13,6
1.222.22.0,6
1.222.226.13,6
1.222.25.0,6
1.222.5.0,6
1.222.50.1,6
1.222.7.0,6
1.222.8.0,6
1.222.88.11,6
1.222.92.11,6
1.222.93.11,6
1.223.0.0,23
1.223.11.0,6
1.223.111.4,6
1.223.124.1,6
1.223.16.0,6
1.223.19.0,6
1.223.191.1,6
1.223.192.1,6
1.223.194.1,6
1.223.195.1,6
1.223.21.0,6
1.223.249.14,6
1.223.26.0,6
1.223.27.0,6
1.223.6.0,6
1.223.7.0,6
1.223.84.11,6
1.223.86.11,6
1.223.89.11,6
1.223.92.129,7
1.223.94.11,6
1.224.0.0,20
1.224.1.0,6
1.224.184.0,6
1.224.186.1,6
1.224.188.1,6
1.224.189.1,6
1.224.190.1,6
1.224.191.1,6
1.224.193.1,6
1.224.197.1,6
1.224.244.12,8
1.224.28.0,6
1.224.3.0,6
1.224.30.0,6
1.224.83.11,6
1.224.90.11,6
1.225.0.0,21
1.225.12.0,6
1.225.128.120,8
1.225.15.0,6
1.225.17.0,6
1.225.188.1,6
1.225.191.1,6
1.225.193.1,6
1.225.22.0,6
1.225.24.0,6
1.225.25.0,6
1.225.43.10,6
1.225.7.0,6
1.225.87.11,6
1.225.90.11,6
1.225.94.11,6
1.226.0.0,18
1.226.167.0,6
1.226.180.215,115
1.226.186.1,6
1.226.187.1,6
1.226.188.1,6
1.226.189.1,6
1.226.190.1,6
1.226.197.1,6
1.226.21.0,6
1.226.26.0,6
1.226.3.0,6
1.226.89.11,6
1.226.94.11,6
1.227.0.0,22
1.227.10.0,6
1.227.12.0,6
1.227.133.35,15
1.227.18.0,6
1.227.191.1,6
1.227.194.1,6
1.227.195.1,8
1.227.197.1,6
1.227.2.0,6
1.227.20.0,6
1.227.25.0,6
1.227.28.0,6
1.227.3.0,6
1.227.50.13,6
1.227.92.11,6
1.227.93.11,6
1.228.0.0,20
1.228.1.0,6
1.228.11.0,6
1.228.14.0,6
1.228.16.0,6
1.228.186.1,6
1.228.187.1,6
1.228.188.3,8
1.228.189.1,6
1.228.19.0,6
1.228.190.1,6
1.228.193.1,6
1.228.194.1,6
1.228.195.1,6
1.228.197.1,6
1.228.21.0,6
1.228.214.1,6
1.228.22.0,6
1.228.227.13,12
1.228.24.0,6
1.228.248.232,16
1.228.26.0,6
1.228.29.0,6
1.228.4.0,6
1.228.6.0,6
1.228.7.0,6
1.228.78.4,6
1.228.84.11,6
1.228.9.0,6
1.228.91.11,6
1.228.92.11,6
1.228.94.11,6
1.229.0.0,19
1.229.137.1,6
1.229.15.0,6
1.229.186.1,6
1.229.187.1,6
1.229.188.1,6
1.229.189.1,6
1.229.191.1,6
1.229.192.1,6
1.229.195.1,6
1.229.20.0,6
1.229.23.0,6
1.229.25.0,6
1.229.3.0,6
1.229.30.0,6
1.229.46.249,6
1.229.8.0,6
1.229.83.11,6
1.229.86.11,6
1.229.88.11,6
1.229.90.11,6
1.229.93.11,6
1.23.0.0,19
1.23.1.0,20
1.23.14.0,6
1.23.148.1,6
1.23.188.1,6
1.23.19.0,6
1.23.190.1,6
1.23.191.1,6
1.23.192.1,6
1.23.193.1,6
1.23.194.1,6
1.23.195.1,6
1.23.196.1,6
1.23.197.1,6
1.23.198.1,6
1.23.22.0,6
1.23.24.0,6
1.23.7.0,6
1.23.87.11,6
1.23.9.0,6
1.23.92.11,6
1.230.0.0,18
1.230.10.0,8
1.230.14.0,6
1.230.17.0,6
1.230.188.1,6
1.230.190.1,6
1.230.191.1,6
1.230.192.1,6
1.230.195.1,6
1.230.20.0,6
1.230.29.0,6
1.230.43.0,6
1.230.5.0,6
1.230.7.0,6
1.230.7.1,6
1.230.84.11,6
1.230.87.11,6
1.230.95.15,6
1.231.0.0,15
1.231.1.0,6
1.231.106.14,8
1.231.16.0,6
1.231.188.1,6
1.231.189.1,6
1.231.191.1,6
1.231.195.1,6
1.231.196.1,6
1.231.197.1,6
1.231.21.0,6
1.231.215.0,6
1.231.23.0,6
1.231.4.0,6
1.231.56.13,6
1.231.74.8,10
1.231.8.0,6
1.231.83.11,6
1.231.9.0,6
1.231.93.11,6
1.231.94.11,6
1.232.0.0,20
1.232.12.0,6
1.232.143.0,6
1.232.15.0,6
1.232.168.0,6
1.232.177.1,6
1.232.177.156,19
1.232.186.1,6
1.232.188.1,6
1.232.192.1,6
1.232.197.1,6
1.232.198.0,6
1.232.2.0,6
1.232.23.0,6
1.232.25.0,6
1.232.27.0,6
1.232.3.0,6
1.232.5.0,6
1.233.0.0,19
1.233.16.0,6
1.233.189.1,6
1.233.19.0,6
1.233.192.1,6
1.233.193.1,6
1.233.194.1,6
1.233.197.1,6
1.233.2.0,6
1.233.243.14,8
1.233.243.233,114
1.233.29.0,6
1.233.6.0,6
1.233.82.6,6
1.233.84.11,6
1.233.87.11,6
1.233.91.11,6
1.234.0.0,14
1.234.1.0,6
1.234.10.0,6
1.234.129.235,114
1.234.13.0,6
1.234.15.0,6
1.234.18.0,6
1.234.186.1,6
1.234.188.1,6
1.234.189.1,6
1.234.193.1,6
1.234.195.1,6
1.234.197.1,6
1.234.20.0,6
1.234.28.0,6
1.234.29.13,6
1.234.67.1,6
1.234.83.11,6
1.234.83.2,6
1.234.88.11,6
1.234.91.11,6
1.235.0.0,19
1.235.10.0,6
1.235.111.12,6
1.235.143.1,6
1.235.15.0,6
1.235.187.1,6
1.235.19.0,6
1.235.192.1,6
1.235.193.1,6
1.235.195.1,6
1.235.196.1,6
1.235.197.1,6
1.235.20.1,6
1.235.22.0,6
1.235.24.0,6
1.235.25.0,6
1.235.5.0,6
1.235.6.6,6
1.235.87.11,6
1.235.92.11,6
1.235.92.3,6
1.236.0.0,19
1.236.179.1,6
1.236.186.1,6
1.236.188.1,6
1.236.189.1,6
1.236.19.0,6
1.236.193.1,6
1.236.194.1,6
1.236.195.1,6
1.236.196.1,6
1.236.215.120,10
1.236.29.0,6
1.236.4.0,6
1.236.55.0,6
1.236.83.11,6
1.236.91.11,6
1.237.0.0,20
1.237.10.0,6
1.237.12.0,6
1.237.17.0,6
1.237.187.1,6
1.237.188.1,6
1.237.190.1,6
1.237.192.1,6
1.237.193.1,6
1.237.205.11,6
1.237.22.0,6
1.237.27.0,6
1.237.3.0,6
1.237.5.0,6
1.237.64.14,6
1.237.83.11,6
1.237.85.11,6
1.238.0.0,19
1.238.1.0,6
1.238.11.0,6
1.238.16.0,6
1.238.187.1,6
1.238.19.0,6
1.238.191.1,6
1.238.193.1,6
1.238.197.1,6
1.238.22.0,6
1.238.255.2,6
1.238.27.0,6
1.238.29.0,6
1.238.4.0,6
1.238.6.0,6
1.238.86.14,6
1.238.89.11,6
1.238.9.0,6
1.238.91.11,6
1.239.0.0,24
1.239.13.0,6
1.239.18.0,6
1.239.189.1,6
1.239.192.1,6
1.239.193.1,6
1.239.196.1,6
1.239.20.0,6
1.239.236.11,6
1.239.253.0,6
1.239.3.0,6
1.239.6.0,6
1.239.85.11,6
1.239.85.152,9
1.239.86.11,6
1.239.91.11,6
1.239.93.11,6
1.24.1.0,23
1.24.141.3,8
1.24.142.12,6
1.24.149.213,114
1.24.187.1,6
1.24.189.1,6
1.24.191.1,6
1.24.192.1,6
1.24.194.1,6
1.24.195.1,6
1.24.197.1,6
1.24.20.0,6
1.24.25.0,6
1.24.30.0,6
1.24.5.0,6
1.24.52.47,6
1.24.8.0,6
1.24.8.5,6
1.24.85.11,6
1.24.86.11,6
1.24.88.11,6
1.24.93.11,6
1.240.0.0,16
1.240.10.0,6
1.240.14.0,6
1.240.140.251,8
1.240.149.0,6
1.240.159.1,6
1.240.17.0,6
1.240.190.1,6
1.240.191.1,6
1.240.192.1,6
1.240.193.1,6
1.240.194.1,6
1.240.195.1,6
1.240.196.1,6
1.240.197.1,6
1.240.2.0,6
1.240.20.0,6
1.240.205.120,8
1.240.238.13,6
1.240.27.0,6
1.240.5.1,6
1.240.64.14,6
1.240.68.0,6
1.240.84.11,6
1.240.89.11,6
1.240.92.11,6
1.241.0.0,21
1.241.108.0,6
1.241.131.13,6
1.241.142.12,6
1.241.187.1,6
1.241.19.0,6
1.241.190.1,6
1.241.191.1,6
1.241.194.1,6
1.241.195.1,6
1.241.20.1,6
1.241.21.0,6
1.241.26.0,6
1.241.3.0,6
1.241.40.119,8
1.241.68.0,6
1.241.83.11,6
1.241.88.11,6
1.241.9.0,6
1.241.91.11,6
1.241.94.11,6
1.242.0.0,22
1.242.106.1,10
1.242.12.0,6
1.242.121.10,6
1.242.13.0,6
1.242.17.0,6
1.242.18.0,6
1.242.186.1,6
1.242.188.1,6
1.242.193.1,6
1.242.194.1,6
1.242.197.1,6
1.242.20.0,6
1.242.22.0,6
1.242.7.0,6
1.242.8.0,6
1.242.85.11,6
1.242.87.11,6
1.242.88.11,6
1.243.0.0,23
1.243.103.3,8
1.243.168.0,6
1.243.184.1,6
1.243.186.1,6
1.243.189.1,6
1.243.191.1,6
1.243.192.1,6
1.243.193.1,6
1.243.196.1,6
1.243.21.0,6
1.243.26.0,6
1.243.87.11,6
1.243.91.11,6
1.243.92.11,6
1.243.94.11,6
1.244.0.0,23
1.244.10.0,6
1.244.11.0,6
1.244.14.11,6
1.244.18.0,6
1.244.186.1,6
1.244.188.1,6
1.244.189.1,6
1.244.191.1,6
1.244.192.1,6
1.244.193.1,6
1.244.195.1,6
1.244.25.0,6
1.244.3.0,6
1.244.83.11,6
1.244.93.11,6
1.245.0.0,22
1.245.100.1,6
1.245.17.0,6
1.245.187.1,6
1.245.189.1,6
1.245.19.0,6
1.245.190.1,6
1.245.192.1,6
1.245.195.1,6
1.245.196.1,6
1.245.197.1,6
1.245.207.0,6
1.245.22.0,6
1.245.22.121,6
1.245.24.0,6
1.245.29.0,6
1.245.57.1,6
1.245.78.1,6
1.245.84.11,6
1.245.85.11,6
1.245.89.11,6
1.245.92.11,6
1.245.94.11,6
1.246.0.0,21
1.246.18.0,6
1.246.186.1,6
1.246.187.1,6
1.246.19.0,6
1.246.190.1,6
1.246.193.1,6
1.246.194.1,6
1.246.195.1,6
1.246.196.1,6
1.246.21.0,6
1.246.24.0,6
1.246.26.0,6
1.246.88.11,6
1.246.89.11,6
1.246.9.0,6
1.246.91.11,6
1.246.93.11,6
1.247.0.0,22
1.247.149.71,89
1.247.160.13,6
1.247.187.1,6
1.247.188.1,6
1.247.189.1,6
1.247.190.1,6
1.247.191.1,6
1.247.193.1,6
1.247.195.1,6
1.247.196.1,6
1.247.229.14,6
1.247.27.0,6
1.247.28.0,6
1.247.3.0,6
1.247.5.0,6
1.247.83.11,6
1.247.85.11,6
1.247.88.11,6
1.247.93.11,6
1.248.0.0,21
1.248.11.0,6
1.248.16.0,6
1.248.187.1,6
1.248.188.1,6
1.248.189.1,6
1.248.190.1,6
1.248.191.1,6
1.248.192.1,6
1.248.193.1,6
1.248.195.1,6
1.248.197.1,6
1.248.235.2,6
1.248.24.0,6
1.248.26.0,6
1.248.27.0,6
1.248.6.0,6
1.248.84.11,6
1.248.87.11,6
1.248.9.0,6
1.248.91.11,6
1.248.94.11,6
1.249.0.0,24
1.249.13.0,6
1.249.16.0,6
1.249.187.1,10
1.249.189.1,6
1.249.190.1,6
1.249.191.1,6
1.249.192.1,6
1.249.193.1,6
1.249.195.1,6
1.249.196.1,6
1.249.20.0,6
1.249.241.14,6
1.249.28.0,6
1.249.3.0,6
1.249.5.0,6
1.249.6.0,6
1.249.86.11,6
1.249.93.11,6
1.25.0.0,19
1.25.1.0,17
1.25.10.0,6
1.25.12.0,6
1.25.15.0,6
1.25.157.1,6
1.25.168.12,6
1.25.168.13,6
1.25.196.1,6
1.25.197.1,6
1.25.198.1,6
1.25.2.0,6
1.25.20.0,6
1.25.24.0,6
1.25.25.0,6
1.25.29.0,6
1.25.36.11,34
1.25.4.0,6
1.25.44.14,6
1.25.49.0,6
1.25.58.12,6
1.25.77.1,12
1.25.84.11,6
1.25.85.11,6
1.25.87.11,6
1.25.89.11,6
1.25.9.0,6
1.25.94.11,6
1.250.0.0,22
1.250.149.247,12
1.250.15.0,6
1.250.162.1,6
1.250.186.1,6
1.250.187.1,6
1.250.188.1,6
1.250.189.1,6
1.250.191.1,6
1.250.193.1,6
1.250.194.1,6
1.250.27.0,6
1.250.4.0,6
1.250.5.0,8
1.250.85.11,6
1.250.87.11,6
1.250.89.11,6
1.250.9.0,6
1.250.90.11,6
1.250.92.11,6
1.251.0.0,25
1.251.148.14,6
1.251.16.0,6
1.251.185.1,6
1.251.186.1,6
1.251.187.1,6
1.251.190.1,6
1.251.191.1,6
1.251.195.1,6
1.251.197.1,6
1.251.24.0,6
1.251.3.0,6
1.251.56.15,8
1.251.83.11,6
1.251.9.0,6
1.252.0.0,20
1.252.140.1,6
1.252.17.0,6
1.252.175.0,6
1.252.186.1,6
1.252.187.1,6
1.252.188.1,6
1.252.193.1,6
1.252.196.1,6
1.252.197.1,6
1.252.2.0,6
1.252.23.0,6
1.252.235.6,8
1.252.62.0,6
1.252.69.15,10
1.252.7.0,6
1.252.83.11,6
1.252.84.0,6
1.252.87.11,6
1.252.88.11,6
1.252.90.11,6
1.253.0.0,18
1.253.1.0,6
1.253.115.13,6
1.253.119.13,6
1.253.14.0,6
1.253.16.0,6
1.253.17.0,6
1.253.186.1,6
1.253.187.1,6
1.253.189.1,6
1.253.190.1,6
1.253.191.1,6
1.253.192.1,6
1.253.193.1,6
1.253.194.1,6
1.253.196.1,6
1.253.197.1,6
1.253.21.0,6
1.253.27.0,6
1.253.31.8,8
1.253.6.0,6
1.253.7.0,6
1.253.84.11,6
1.253.86.11,6
1.253.87.11,6
1.253.9.0,6
1.254.0.0,14
1.254.1.0,6
1.254.18.0,6
1.254.186.1,6
1.254.188.1,6
1.254.189.1,6
1.254.192.1,6
1.254.196.1,6
1.254.197.1,6
1.254.21.0,6
1.254.5.0,6
1.254.88.11,6
1.254.90.11,6
1.255.0.0,22
1.255.12.0,6
1.255.167.0,6
1.255.17.0,6
1.255.187.1,6
1.255.188.1,6
1.255.190.1,6
1.255.191.1,6
1.255.196.1,6
1.255.213.0,6
1.255.22.0,6
1.255.24.0,6
1.255.25.0,6
1.255.27.0,6
1.255.31.0,6
1.255.5.0,6
1.255.87.11,6
1.255.92.11,6
1.26.1.0,24
1.26.100.12,6
1.26.116.1,6
1.26.13.0,6
1.26.134.11,6
1.26.136.1,6
1.26.14.0,6
1.26.16.0,6
1.26.188.1,6
1.26.19.0,6
1.26.190.1,6
1.26.191.1,6
1.26.193.1,6
1.26.197.1,6
1.26.198.1,6
1.26.24.0,6
1.26.29.0,6
1.26.3.0,6
1.26.89.11,6
1.26.91.11,6
1.26.91.13,6
1.26.93.11,6
1.26.94.11,6
1.27.0.0,20
1.27.1.0,21
1.27.10.1,6
1.27.12.0,6
1.27.14.1,6
1.27.18.0,6
1.27.194.1,6
1.27.195.1,6
1.27.20.0,6
1.27.23.0,6
1.27.28.0,6
1.27.3.0,6
1.27.5.0,6
1.27.51.0,6
1.27.85.11,6
1.27.87.11,6
1.27.90.11,6
1.27.92.11,6
1.28.1.0,16
1.28.11.0,6
1.28.121.0,6
1.28.14.0,6
1.28.16.0,6
1.28.187.1,6
1.28.190.1,6
1.28.191.1,6
1.28.194.1,6
1.28.195.1,6
1.28.22.0,6
1.28.240.14,6
1.28.26.0,6
1.28.26.119,11
1.28.29.0,6
1.28.4.0,6
1.28.7.0,6
1.28.79.13,6
1.28.86.11,6
1.28.87.11,6
1.28.89.11,6
1.28.89.227,114
1.28.94.11,6
1.29.0.0,21
1.29.1.0,21
1.29.10.0,6
1.29.110.8,8
1.29.123.14,6
1.29.188.1,6
1.29.189.1,6
1.29.190.1,6
1.29.191.1,6
1.29.193.1,6
1.29.23.0,6
1.29.28.0,6
1.29.71.1,6
1.29.85.11,6
1.3.1.0,20
1.3.11.0,6
1.3.16.0,6
1.3.17.0,6
1.3.178.12,6
1.3.190.1,6
1.3.192.1,6
1.3.195.1,6
1.3.196.1,6
1.3.197.1,6
1.3.229.0,6
1.3.24.0,6
1.3.26.0,6
1.3.29.0,6
1.3.6.0,6
1.3.62.13,6
1.3.7.0,6
1.3.84.11,6
1.3.86.11,6
1.3.87.11,6
1.3.9.0,8
1.3.91.11,6
1.3.92.11,6
1.30.1.0,23
1.30.10.0,6
1.30.108.145,6
1.30.17.0,6
1.30.175.0,6
1.30.189.1,6
1.30.192.1,6
1.30.193.1,6
1.30.196.1,6
1.30.197.1,6
1.30.198.1,6
1.30.2.0,6
1.30.20.0,6
1.30.22.0,6
1.30.24.0,6
1.30.4.0,6
1.30.43.1,6
1.30.5.0,6
1.30.62.212,114
1.30.84.11,6
1.30.85.11,6
1.30.89.11,6
1.30.9.0,6
1.30.92.11,6
1.31.0.0,17
1.31.1.0,18
1.31.11.0,6
1.31.187.1,6
1.31.188.1,6
1.31.19.0,6
1.31.190.1,6
1.31.192.1,6
1.31.193.1,6
1.31.195.1,6
1.31.196.1,6
1.31.207.13,8
1.31.21.0,6
1.31.23.0,6
1.31.24.0,6
1.31.28.0,6
1.31.29.0,6
1.31.3.0,6
1.31.50.14,6
1.31.6.0,6
1.31.8.0,6
1.31.91.11,6
1.32.1.0,21
1.32.10.0,6
1.32.10.3,8
1.32.151.6,6
1.32.18.0,6
1.32.187.1,6
1.32.189.1,6
1.32.192.1,6
1.32.193.1,6
1.32.194.1,6
1.32.195.1,6
1.32.196.1,6
1.32.220.0,8
1.32.23.0,6
1.32.238.20,6
1.32.25.0,6
1.32.30.0,6
1.32.5.0,6
1.32.8.0,6
1.32.85.11,6
1.32.88.11,6
1.32.92.11,6
1.32.93.11,6
1.32.95.11,6
1.33.0.0,20
1.33.1.0,24
1.33.14.0,6
1.33.143.0,6
1.33.157.8,6
1.33.16.0,6
1.33.169.14,10
1.33.17.0,6
1.33.171.0,6
1.33.192.1,6
1.33.193.1,6
1.33.194.1,6
1.33.195.1,6
1.33.197.1,6
1.33.198.1,6
1.33.24.0,6
1.33.58.1,6
1.33.65.1,6
1.33.86.11,6
1.33.89.11,6
1.33.9.0,6
1.33.91.11,6
1.34.1.0,19
1.34.11.0,6
1.34.13.0,6
1.34.141.1,6
1.34.15.0,6
1.34.165.12,8
1.34.18.0,6
1.34.188.1,6
1.34.192.1,6
1.34.193.1,6
1.34.194.1,6
1.34.195.1,6
1.34.198.1,6
1.34.212.204,114
1.34.25.0,6
1.34.5.0,6
1.34.85.11,6
1.34.86.11,6
1.34.88.11,6
1.35.0.0,24
1.35.1.0,19
1.35.112.228,79
1.35.13.0,7
1.35.14.0,6
1.35.15.0,6
1.35.157.1,6
1.35.171.0,6
1.35.181.0,6
1.35.187.1,6
1.35.188.1,6
1.35.189.1,6
1.35.191.1,6
1.35.192.1,6
1.35.194.1,6
1.35.195.1,6
1.35.196.1,6
1.35.197.1,6
1.35.22.0,6
1.35.228.0,6
1.35.24.0,6
1.35.29.0,6
1.35.30.0,6
1.35.5.0,6
1.35.84.11,6
1.35.85.11,6
1.35.89.11,6
1.35.90.11,6
1.35.92.11,6
1.35.95.11,6
1.36.1.0,24
1.36.101.2,6
1.36.11.0,6
1.36.16.0,6
1.36.18.0,6
1.36.184.1,6
1.36.187.1,6
1.36.188.1,6
1.36.190.1,6
1.36.191.1,6
1.36.192.1,6
1.36.193.1,6
1.36.194.1,6
1.36.197.1,6
1.36.198.1,6
1.36.23.0,6
1.36.4.0,6
1.36.6.0,6
1.36.84.11,6
1.36.88.11,6
1.36.9.0,6
1.36.91.11,6
1.36.93.14,6
1.37.0.0,19
1.37.1.0,21
1.37.15.0,6
1.37.175.13,6
1.37.18.0,6
1.37.190.1,6
1.37.193.1,6
1.37.195.1,6
1.37.196.1,6
1.37.198.1,6
1.37.22.0,6
1.37.5.0,6
1.37.7.0,6
1.37.8.0,6
1.37.85.11,6
1.37.87.11,6
1.37.93.11,6
1.37.95.11,6
1.38.1.0,22
1.38.11.0,6
1.38.12.0,6
1.38.127.13,6
1.38.143.14,6
1.38.154.1,6
1.38.187.1,6
1.38.188.1,6
1.38.189.1,6
1.38.19.0,6
1.38.192.1,6
1.38.193.1,6
1.38.195.1,6
1.38.196.1,6
1.38.198.1,6
1.38.24.0,6
1.38.247.6,8
1.38.25.6,8
1.38.29.0,6
1.38.33.178,7
1.38.6.0,6
1.38.7.0,6
1.38.86.11,6
1.38.89.11,6
1.38.91.11,6
1.39.0.0,18
1.39.1.0,21
1.39.10.0,6
1.39.109.1,6
1.39.188.1,6
1.39.189.1,6
1.39.191.1,6
1.39.194.1,6
1.39.195.1,6
1.39.23.0,6
1.39.26.0,6
1.39.3.0,6
1.39.30.0,6
1.39.5.0,6
1.39.85.11,6
1.39.90.11,6
1.4.1.0,22
1.4.10.0,6
1.4.102.15,6
1.4.11.0,6
1.4.15.0,6
1.4.16.0,6
1.4.189.1,6
1.4.190.1,6
1.4.192.1,6
1.4.193.1,6
1.4.194.1,6
1.4.23.0,6
1.4.30.0,6
1.4.37.1,6
1.4.6.0,6
1.4.8.0,6
1.4.90.11,6
1.4.91.11,6
1.40.1.0,19
1.40.125.3,8
1.40.18.15,6
1.40.187.1,6
1.40.19.0,6
1.40.192.1,6
1.40.193.1,8
1.40.194.1,6
1.40.195.1,6
1.40.196.1,6
1.40.2.0,6
1.40.22.0,6
1.40.25.0,6
1.40.29.0,6
1.40.4.0,6
1.40.84.11,6
1.40.85.11,6
1.40.87.11,6
1.40.9.0,6
1.40.90.11,6
1.40.95.11,6
1.41.0.0,18
1.41.1.0,22
1.41.11.0,6
1.41.13.0,6
1.41.16.0,6
1.41.190.1,6
1.41.191.1,6
1.41.197.1,6
1.41.198.1,6
1.41.21.0,6
1.41.23.0,6
1.41.24.0,6
1.41.250.204,6
1.41.4.0,6
1.41.6.0,6
1.41.8.0,6
1.41.80.0,6
1.41.9.0,6
1.41.91.11,6
1.41.93.11,6
1.41.94.11,6
1.42.1.0,21
1.42.10.0,6
1.42.102.0,6
1.42.12.0,6
1.42.129.6,6
1.42.15.0,6
1.42.155.3,6
1.42.189.1,6
1.42.190.1,6
1.42.194.1,6
1.42.197.1,6
1.42.198.1,6
1.42.2.0,6
1.42.20.0,6
1.42.20.1,6
1.42.59.1,6
1.42.73.3,8
1.42.85.11,6
1.42.90.11,6
1.42.92.11,6
1.42.93.11,8
1.42.94.1,6
1.42.95.11,6
1.43.0.0,15
1.43.1.0,19
1.43.11.0,6
1.43.128.0,6
1.43.16.0,6
1.43.167.7,6
1.43.17.0,6
1.43.188.1,6
1.43.196.1,6
1.43.197.1,6
1.43.2.0,6
1.43.206.14,6
1.43.21.0,6
1.43.22.0,6
1.43.24.0,6
1.43.27.0,6
1.43.5.15,8
1.43.82.0,6
1.43.86.11,6
1.43.89.11,6
1.44.1.0,21
1.44.114.1,6
1.44.160.219,114
1.44.189.1,6
1.44.191.1,6
1.44.193.1,6
1.44.196.1,6
1.44.197.1,6
1.44.21.0,6
1.44.23.0,6
1.44.25.0,6
1.44.26.0,6
1.44.51.0,6
1.44.57.12,6
1.44.85.11,6
1.45.0.0,18
1.45.1.0,17
1.45.14.0,6
1.45.187.1,6
1.45.192.1,8
1.45.194.1,6
1.45.196.1,6
1.45.20.0,6
1.45.4.0,6
1.45.5.0,6
1.45.87.11,6
1.45.90.11,6
1.45.92.11,6
1.45.94.11,6
1.45.95.11,6
1.46.1.0,22
1.46.114.13,6
1.46.126.1,6
1.46.127.202,9
1.46.13.0,6
1.46.187.1,6
1.46.189.1,6
1.46.190.1,6
1.46.191.1,6
1.46.194.1,6
1.46.195.1,6
1.46.21.0,6
1.46.215.14,6
1.46.227.12,6
1.46.232.7,8
1.46.24.0,6
1.46.26.0,6
1.46.28.0,6
1.46.4.0,6
1.46.6.0,6
1.46.72.18,6
1.46.84.11,6
1.46.89.11,6
1.46.93.11,6
1.46.94.11,6
1.47.0.0,21
1.47.1.0,22
1.47.103.0,6
1.47.12.0,6
1.47.13.0,6
1.47.187.1,6
1.47.188.1,6
1.47.190.1,6
1.47.192.1,6
1.47.194.1,6
1.47.195.1,6
1.47.198.1,6
1.47.20.0,6
1.47.203.11,6
1.47.22.0,6
1.47.251.35,17
1.47.30.0,6
1.47.5.0,6
1.47.54.52,6
1.47.7.0,6
1.47.85.11,6
1.47.90.11,6
1.47.94.14,6
1.48.1.0,26
1.48.102.3,6
1.48.103.1,6
1.48.11.0,6
1.48.17.0,6
1.48.188.1,6
1.48.190.1,6
1.48.191.1,6
1.48.193.1,6
1.48.215.255,6
1.48.22.0,6
1.48.6.0,6
1.48.66.1,6
1.48.7.0,6
1.48.89.11,6
1.48.91.11,6
1.49.0.0,23
1.49.1.0,22
1.49.165.14,6
1.49.178.8,8
1.49.188.1,6
1.49.189.1,6
1.49.190.1,6
1.49.191.1,6
1.49.192.1,6
1.49.193.1,6
1.49.194.1,6
1.49.195.1,6
1.49.198.1,6
1.49.26.0,6
1.49.3.241,12
1.49.46.0,6
1.49.6.0,6
1.49.8.0,6
1.49.83.11,6
1.49.86.11,6
1.49.93.11,6
1.5.0.0,20
1.5.1.0,23
1.5.10.0,6
1.5.15.0,6
1.5.180.119,6
1.5.187.1,6
1.5.188.1,6
1.5.189.1,6
1.5.190.1,6
1.5.194.1,6
1.5.195.1,6
1.5.196.1,6
1.5.197.1,6
1.5.198.1,6
1.5.22.0,6
1.5.25.0,6
1.5.30.0,6
1.5.4.0,6
1.5.5.0,6
1.5.7.0,6
1.5.9.0,6
1.50.1.0,19
1.50.164.11,6
1.50.17.0,6
1.50.175.1,6
1.50.179.13,8
1.50.187.1,6
1.50.191.1,6
1.50.192.1,6
1.50.194.1,6
1.50.196.1,6
1.50.197.1,6
1.50.198.1,6
1.50.2.0,6
1.50.25.0,6
1.50.29.0,6
1.50.5.0,6
1.50.54.0,6
1.50.69.12,6
1.50.84.11,6
1.50.87.11,6
1.50.90.11,6
1.50.92.11,6
1.51.0.0,21
1.51.1.0,24
1.51.11.0,6
1.51.189.1,6
1.51.191.1,6
1.51.192.1,6
1.51.193.1,6
1.51.194.1,6
1.51.195.1,6
1.51.196.1,6
1.51.21.0,6
1.51.21.1,6
1.51.24.0,6
1.51.242.12,6
1.51.28.0,6
1.51.83.11,8
1.51.84.11,6
1.51.86.11,6
1.51.9.0,6
1.51.91.11,6
1.51.94.11,6
1.52.1.0,17
1.52.176.1,6
1.52.182.12,6
1.52.190.1,6
1.52.191.1,6
1.52.193.1,6
1.52.194.1,6
1.52.195.1,6
1.52.196.1,6
1.52.197.1,6
1.52.198.1,6
1.52.20.0,6
1.52.25.0,6
1.52.252.3,6
1.52.27.0,6
1.52.63.0,6
1.52.65.1,6
1.52.7.0,6
1.52.81.0,6
1.52.83.251,8
1.52.85.11,6
1.52.90.11,6
1.52.92.1,6
1.53.0.0,15
1.53.1.0,19
1.53.17.0,6
1.53.188.1,6
1.53.189.1,6
1.53.190.1,6
1.53.192.1,6
1.53.194.1,6
1.53.195.1,6
1.53.24.0,6
1.53.26.0,6
1.53.29.0,6
1.53.48.2,6
1.53.80.0,6
1.53.87.11,6
1.53.91.11,6
1.54.1.0,15
1.54.124.1,6
1.54.16.0,6
1.54.164.12,6
1.54.177.0,6
1.54.18.0,6
1.54.189.1,6
1.54.190.1,6
1.54.192.1,6
1.54.195.1,6
1.54.197.1,6
1.54.198.1,6
1.54.20.0,6
1.54.23.0,6
1.54.25.0,6
1.54.28.0,6
1.54.3.0,6
1.54.75.12,6
1.54.8.0,6
1.54.83.11,6
1.54.86.11,6
1.54.88.11,6
1.54.91.11,6
1.55.0.0,21
1.55.1.0,19
1.55.10.0,6
1.55.118.238,115
1.55.12.0,6
1.55.14.0,6
1.55.15.0,6
1.55.150.73,6
1.55.190.1,6
1.55.191.1,6
1.55.197.1,6
1.55.198.1,6
1.55.24.0,6
1.55.27.0,6
1.55.30.0,6
1.55.39.0,6
1.55.4.0,6
1.55.44.5,6
1.55.5.0,6
1.55.7.0,6
1.55.89.11,6
1.55.92.11,6
1.56.1.0,15
1.56.11.0,6
1.56.127.0,6
1.56.18.0,6
1.56.189.1,6
1.56.193.1,6
1.56.194.1,6
1.56.196.1,6
1.56.197.1,6
1.56.198.1,6
1.56.28.0,6
1.56.40.15,6
1.56.6.0,6
1.56.82.0,6
1.56.86.11,6
1.56.9.0,6
1.56.91.11,6
1.56.94.11,6
1.57.0.0,19
1.57.1.0,16
1.57.137.0,8
1.57.15.0,6
1.57.158.0,6
1.57.17.0,6
1.57.187.1,6
1.57.188.1,6
1.57.189.1,6
1.57.190.1,6
1.57.193.1,6
1.57.196.1,6
1.57.27.0,6
1.57.28.0,6
1.57.3.0,6
1.57.30.0,6
1.57.45.13,8
1.57.5.0,6
1.57.54.12,6
1.57.56.6,34
1.57.83.11,6
1.57.88.11,6
1.57.92.11,6
1.57.93.11,6
1.57.95.11,6
1.58.1.0,21
1.58.1.10,8
1.58.17.0,6
1.58.182.1,6
1.58.187.1,6
1.58.189.1,6
1.58.190.1,6
1.58.191.1,6
1.58.193.1,6
1.58.197.1,6
1.58.198.1,6
1.58.21.0,6
1.58.27.0,6
1.58.34.6,6
1.58.86.11,6
1.59.0.0,17
1.59.1.0,23
1.59.10.0,6
1.59.143.0,8
1.59.187.1,6
1.59.189.1,6
1.59.192.1,6
1.59.193.1,6
1.59.194.1,6
1.59.195.1,6
1.59.197.1,6
1.59.198.1,6
1.59.21.0,6
1.59.231.248,11
1.59.254.0,6
1.59.26.0,6
1.59.56.0,6
1.59.8.0,6
1.59.85.11,6
1.59.86.11,6
1.59.90.11,6
1.59.91.11,6
1.59.93.11,6
1.59.95.11,6
1.6.1.0,19
1.6.120.12,6
1.6.13.0,6
1.6.16.0,6
1.6.168.1,6
1.6.18.0,6
1.6.189.1,6
1.6.19.0,6
1.6.190.1,6
1.6.191.1,6
1.6.195.1,6
1.6.197.1,6
1.6.21.0,6
1.6.3.0,6
1.6.4.0,6
1.6.64.0,6
1.6.88.11,6
1.6.89.11,6
1.6.9.0,6
1.6.91.11,6
1.60.1.0,21
1.60.14.0,6
1.60.149.1,6
1.60.15.0,6
1.60.17.0,6
1.60.187.1,6
1.60.189.1,6
1.60.19.0,6
1.60.193.1,6
1.60.194.1,6
1.60.195.1,6
1.60.196.1,6
1.60.20.0,6
1.60.24.0,6
1.60.3.12,6
1.60.5.0,6
1.60.7.0,6
1.60.84.11,6
1.60.85.11,6
1.60.89.11,6
1.60.90.11,6
1.60.93.8,6
1.60.95.11,6
1.61.0.0,24
1.61.1.0,20
1.61.131.13,6
1.61.14.8,6
1.61.16.0,6
1.61.161.0,10
1.61.175.14,8
1.61.187.1,6
1.61.189.1,6
1.61.190.1,8
1.61.194.1,6
1.61.195.1,6
1.61.252.14,6
1.61.26.0,6
1.61.29.0,6
1.61.39.1,6
1.61.4.0,6
1.61.84.11,6
1.61.84.8,8
1.61.86.11,6
1.61.9.0,6
1.61.93.11,6
1.61.94.11,6
1.62.1.0,21
1.62.108.13,6
1.62.109.15,6
1.62.14.118,6
1.62.15.0,6
1.62.188.1,6
1.62.189.1,6
1.62.190.1,6
1.62.191.1,6
1.62.193.1,6
1.62.194.1,6
1.62.195.1,6
1.62.196.1,6
1.62.2.0,6
1.62.20.0,6
1.62.22.0,6
1.62.27.0,6
1.62.69.3,6
1.62.8.0,6
1.62.83.11,6
1.62.85.11,6
1.62.87.11,6
1.62.93.11,6
1.62.95.11,6
1.63.0.0,19
1.63.1.0,18
1.63.11.0,6
1.63.12.0,6
1.63.14.0,6
1.63.17.0,6
1.63.191.1,6
1.63.192.1,6
1.63.193.1,6
1.63.194.1,6
1.63.195.1,6
1.63.196.1,6
1.63.197.1,6
1.63.22.0,6
1.63.221.0,6
1.63.222.13,6
1.63.26.0,6
1.63.70.0,6
1.63.84.11,6
1.63.86.11,6
1.63.89.11,6
1.63.9.0,6
1.63.91.11,6
1.64.1.0,13
1.64.13.0,6
1.64.141.2,6
1.64.15.0,6
1.64.16.0,6
1.64.174.3,6
1.64.18.1,6
1.64.184.1,6
1.64.188.1,6
1.64.190.1,6
1.64.192.1,6
1.64.195.1,6
1.64.23.0,6
1.64.25.0,6
1.64.26.0,6
1.64.29.202,6
1.64.3.0,6
1.64.30.0,6
1.64.5.0,6
1.64.6.0,6
1.64.86.11,6
1.65.0.0,20
1.65.1.0,20
1.65.189.1,6
1.65.190.1,6
1.65.191.1,6
1.65.192.1,6
1.65.193.1,6
1.65.194.1,6
1.65.196.1,6
1.65.2.0,6
1.65.20.0,6
1.65.22.0,6
1.65.228.115,7
1.65.24.0,6
1.65.27.0,6
1.65.29.0,6
1.65.30.0,6
1.65.5.0,6
1.65.84.11,6
1.65.85.11,6
1.65.9.0,6
1.65.90.11,6
1.65.92.11,6
1.65.97.12,6
1.66.1.0,15
1.66.11.0,6
1.66.14.0,6
1.66.188.1,6
1.66.189.1,6
1.66.19.0,6
1.66.190.1,6
1.66.191.1,6
1.66.193.0,6
1.66.195.1,6
1.66.197.1,6
1.66.198.1,6
1.66.21.0,6
1.66.23.0,6
1.66.29.0,6
1.66.86.11,6
1.66.88.11,6
1.67.0.0,22
1.67.1.0,19
1.67.10.15,6
1.67.12.0,6
1.67.13.0,6
1.67.15.0,6
1.67.163.1,10
1.67.18.0,6
1.67.187.1,6
1.67.188.1,6
1.67.189.1,6
1.67.193.1,6
1.67.194.1,6
1.67.195.1,6
1.67.197.1,6
1.67.2.0,6
1.67.20.0,6
1.67.22.0,6
1.67.27.0,7
1.67.5.0,6
1.67.83.11,6
1.67.90.11,6
1.67.92.11,6
1.68.1.0,22
1.68.118.245,9
1.68.12.0,6
1.68.14.0,6
1.68.16.0,6
1.68.187.1,6
1.68.189.1,6
1.68.190.1,8
1.68.191.1,6
1.68.194.1,6
1.68.196.1,6
1.68.197.1,6
1.68.22.0,6
1.68.29.0,6
1.68.43.15,6
1.68.7.0,6
1.68.84.11,6
1.68.85.11,6
1.68.89.11,6
1.68.9.0,6
1.68.91.11,6
1.68.94.11,6
1.68.99.1,6
1.69.0.0,18
1.69.1.0,16
1.69.10.0,6
1.69.11.0,6
1.69.15.0,6
1.69.169.1,6
1.69.189.1,6
1.69.192.1,6
1.69.193.1,6
1.69.194.1,6
1.69.195.1,6
1.69.196.1,6
1.69.198.1,8
1.69.23.0,6
1.69.231.0,6
1.69.25.14,6
1.69.8.0,6
1.69.85.11,6
1.69.88.11,6
1.69.91.11,6
1.7.0.0,15
1.7.1.0,22
1.7.15.0,6
1.7.18.0,6
1.7.188.1,6
1.7.189.1,6
1.7.191.1,6
1.7.197.1,6
1.7.198.1,6
1.7.20.0,6
1.7.22.0,6
1.7.23.0,6
1.7.25.0,6
1.7.3.0,6
1.7.5.0,6
1.7.85.11,6
1.7.88.11,6
1.7.90.11,6
1.7.93.11,6
1.70.1.0,13
1.70.10.0,6
1.70.17.0,6
1.70.191.1,6
1.70.192.1,6
1.70.193.1,6
1.70.195.1,6
1.70.196.1,6
1.70.22.0,6
1.70.252.0,6
1.70.29.0,6
1.70.36.5,6
1.70.53.1,6
1.70.72.13,6
1.70.73.0,6
1.70.85.11,6
1.70.92.11,6
1.70.94.11,6
1.71.0.0,15
1.71.1.0,19
1.71.11.0,6
1.71.189.1,6
1.71.192.1,6
1.71.194.1,6
1.71.195.1,6
1.71.196.1,6
1.71.197.1,6
1.71.21.0,6
1.71.23.0,6
1.71.24.0,6
1.71.79.4,6
1.71.83.11,6
1.71.84.11,6
1.71.86.11,6
1.71.88.11,6
1.71.91.11,6
1.71.93.11,6
1.72.1.0,15
1.72.107.0,6
1.72.18.0,6
1.72.187.1,6
1.72.190.1,6
1.72.191.1,6
1.72.194.1,6
1.72.196.1,6
1.72.203.0,6
1.72.224.7,6
1.72.25.0,6
1.72.5.0,6
1.72.8.0,6
1.72.83.11,6
1.72.85.11,6
1.72.87.11,6
1.72.88.11,6
1.72.90.11,6
1.72.93.11,6
1.73.0.0,15
1.73.1.0,17
1.73.130.13,8
1.73.136.8,6
1.73.187.1,6
1.73.188.1,6
1.73.189.1,6
1.73.19.0,6
1.73.192.1,6
1.73.196.1,6
1.73.197.1,6
1.73.2.0,6
1.73.24.0,6
1.73.27.0,7
1.73.28.148,17
1.73.38.2,6
1.73.4.0,6
1.73.6.0,6
1.73.9.0,6
1.73.94.11,6
1.74.1.0,21
1.74.10.0,6
1.74.11.0,6
1.74.13.0,6
1.74.15.0,6
1.74.16.0,6
1.74.187.1,6
1.74.191.1,6
1.74.195.1,6
1.74.196.1,6
1.74.197.1,6
1.74.204.6,8
1.74.21.0,6
1.74.3.0,6
1.74.8.0,6
1.74.83.11,6
1.74.87.9,8
1.74.90.11,6
1.74.91.11,6
1.75.0.0,20
1.75.1.0,15
1.75.15.0,6
1.75.171.1,6
1.75.187.1,6
1.75.190.1,6
1.75.191.1,6
1.75.192.1,6
1.75.193.1,6
1.75.195.0,6
1.75.197.1,6
1.75.198.1,6
1.75.20.0,6
1.75.35.1,8
1.75.45.0,6
1.75.45.1,6
1.75.7.6,6
1.75.84.11,6
1.75.89.11,6
1.75.9.0,6
1.76.103.11,8
1.76.11.0,6
1.76.189.1,6
1.76.190.1,6
1.76.191.1,6
1.76.192.1,6
1.76.195.1,6
1.76.197.1,6
1.76.198.1,6
1.76.255.117,6
1.76.26.0,6
1.76.29.0,6
1.76.60.14,6
1.76.76.0,6
1.76.88.11,6
1.76.89.11,6
1.77.1.0,17
1.77.12.0,6
1.77.15.0,6
1.77.17.0,6
1.77.188.1,6
1.77.189.1,6
1.77.190.1,6
1.77.194.1,6
1.77.196.1,6
1.77.198.1,6
1.77.22.0,6
1.77.23.0,6
1.77.247.0,6
1.77.27.0,6
1.77.3.0,6
1.77.7.0,6
1.77.71.2,6
1.77.8.0,6
1.77.83.11,6
1.77.87.11,6
1.77.90.11,6
1.77.92.11,6
1.78.1.0,20
1.78.100.1,6
1.78.11.0,6
1.78.14.0,6
1.78.17.0,6
1.78.187.1,6
1.78.188.1,6
1.78.19.0,6
1.78.190.1,6
1.78.192.1,6
1.78.193.1,6
1.78.194.1,6
1.78.197.1,6
1.78.198.1,6
1.78.2.0,6
1.78.22.0,6
1.78.24.0,6
1.78.29.0,6
1.78.84.11,6
1.78.87.11,6
1.78.89.11,6
1.78.9.0,6
1.78.94.11,6
1.78.98.252,6
1.79.0.0,24
1.79.1.0,18
1.79.11.15,6
1.79.120.1,6
1.79.148.0,6
1.79.17.1,6
1.79.189.1,6
1.79.190.1,6
1.79.191.1,6
1.79.193.1,6
1.79.195.1,6
1.79.196.1,6
1.79.197.1,6
1.79.198.1,6
1.79.245.0,6
1.79.3.0,6
1.79.85.11,6
1.79.86.11,6
1.79.93.11,6
1.8.1.0,24
1.8.11.0,6
1.8.122.222,113
1.8.16.0,6
1.8.17.0,6
1.8.187.1,6
1.8.189.1,6
1.8.191.1,6
1.8.195.1,6
1.8.196.1,6
1.8.197.1,6
1.8.2.0,6
1.8.21.0,6
1.8.229.14,8
1.8.4.0,6
1.8.63.3,6
1.8.84.11,6
1.8.87.13,6
1.8.9.0,6
1.8.91.11,6
1.80.1.0,21
1.80.140.0,6
1.80.15.0,6
1.80.158.0,6
1.80.184.12,6
1.80.189.1,6
1.80.190.1,6
1.80.192.1,6
1.80.194.1,6
1.80.197.1,6
1.80.198.1,6
1.80.201.12,6
1.80.22.0,6
1.80.25.0,6
1.80.253.137,17
1.80.255.0,6
1.80.4.0,6
1.80.68.2,6
1.80.7.0,6
1.80.81.107,6
1.80.84.11,6
1.80.92.11,6
1.81.0.0,23
1.81.1.0,22
1.81.13.0,10
1.81.148.8,6
1.81.188.1,6
1.81.19.0,6
1.81.193.1,6
1.81.196.1,6
1.81.197.1,6
1.81.23.0,6
1.81.29.0,6
1.81.8.0,6
1.81.89.11,6
1.81.9.0,6
1.82.1.0,19
1.82.111.1,6
1.82.15.0,6
1.82.18.0,6
1.82.189.1,6
1.82.190.1,6
1.82.192.1,6
1.82.193.1,6
1.82.195.1,6
1.82.198.1,6
1.82.2.0,6
1.82.219.12,6
1.82.27.0,6
1.82.39.102,17
1.82.57.1,6
1.82.8.0,6
1.83.0.0,20
1.83.1.0,23
1.83.11.0,6
1.83.12.0,6
1.83.187.1,6
1.83.188.1,6
1.83.189.1,6
1.83.191.1,6
1.83.2.0,6
1.83.238.8,8
1.83.26.0,7
1.83.27.0,6
1.83.32.106,18
1.83.7.0,6
1.83.84.11,6
1.83.9.0,6
1.83.91.11,6
1.83.94.11,6
1.83.99.0,6
1.84.1.0,15
1.84.11.0,6
1.84.13.0,6
1.84.16.0,6
1.84.178.13,6
1.84.183.1,6
1.84.187.1,6
1.84.190.1,6
1.84.191.1,6
1.84.194.1,6
1.84.195.1,6
1.84.21.0,6
1.84.3.3,10
1.84.6.0,6
1.84.83.11,6
1.84.86.11,6
1.84.91.11,6
1.84.93.11,6
1.85.0.0,24
1.85.1.0,20
1.85.112.14,10
1.85.15.0,6
1.85.187.1,6
1.85.188.1,6
1.85.189.1,6
1.85.192.1,6
1.85.195.1,6
1.85.196.1,6
1.85.197.1,6
1.85.198.1,6
1.85.20.0,6
1.85.22.0,6
1.85.231.12,6
1.85.29.0,6
1.85.4.0,6
1.85.5.0,6
1.85.62.1,6
1.85.85.11,6
1.85.87.11,6
1.85.89.11,6
1.86.1.0,22
1.86.187.1,6
1.86.188.1,6
1.86.190.1,6
1.86.192.1,6
1.86.194.1,6
1.86.195.1,6
1.86.196.1,6
1.86.197.1,6
1.86.24.0,6
1.86.3.0,6
1.86.78.0,6
1.86.88.11,6
1.86.89.11,6
1.86.93.11,6
1.86.94.11,6
1.87.0.0,19
1.87.1.0,18
1.87.10.0,6
1.87.12.0,6
1.87.13.0,6
1.87.15.0,6
1.87.17.0,6
1.87.182.67,18
1.87.187.1,6
1.87.188.1,6
1.87.190.1,6
1.87.192.1,6
1.87.195.1,6
1.87.2.0,6
1.87.20.0,6
1.87.217.8,6
1.87.83.11,6
1.87.85.11,6
1.87.87.11,6
1.87.88.11,6
1.87.93.11,6
1.88.1.0,24
1.88.106.14,8
1.88.116.13,6
1.88.14.0,6
1.88.17.0,6
1.88.187.1,6
1.88.190.1,6
1.88.197.1,6
1.88.198.1,6
1.88.2.0,6
1.88.41.255,13
1.88.75.37,6
1.88.84.11,6
1.88.87.11,6
1.88.92.11,6
1.88.94.11,6
1.89.0.0,20
1.89.1.0,6
1.89.12.1,6
1.89.13.0,6
1.89.15.0,6
1.89.160.11,6
1.89.182.12,6
1.89.188.1,6
1.89.189.1,6
1.89.190.1,6
1.89.192.1,6
1.89.194.1,6
1.89.196.1,6
1.89.197.1,6
1.89.23.0,6
1.89.30.0,6
1.89.42.11,8
1.89.8.0,6
1.89.86.11,6
1.89.88.11,6
1.89.90.11,6
1.89.91.11,6
1.89.93.11,6
1.9.0.0,22
1.9.1.0,13
1.9.10.0,6
1.9.11.0,6
1.9.140.0,6
1.9.187.1,6
1.9.192.1,6
1.9.196.1,6
1.9.30.0,6
1.9.8.0,6
1.9.85.11,6
1.9.87.0,6
1.9.88.11,6
1.9.90.11,6
1.9.91.11,6
1.90.10.0,6
1.90.131.200,9
1.90.15.0,6
1.90.187.1,6
1.90.189.1,6
1.90.19.0,6
1.90.190.6,8
1.90.191.1,6
1.90.193.1,6
1.90.194.1,6
1.90.195.1,6
1.90.22.0,6
1.90.27.0,6
1.90.5.0,6
1.90.89.11,6
1.90.90.11,6
1.90.92.11,6
1.90.94.11,10
1.91.0.0,19
1.91.124.213,115
1.91.14.0,6
1.91.156.120,8
1.91.184.0,6
1.91.187.1,6
1.91.189.1,6
1.91.190.1,6
1.91.191.1,6
1.91.193.1,6
1.91.194.1,6
1.91.195.1,6
1.91.197.1,6
1.91.253.6,8
1.91.28.0,6
1.91.3.0,6
1.91.35.0,6
1.91.6.0,6
1.91.83.11,6
1.91.84.11,6
1.91.86.11,6
1.91.88.11,6
1.91.91.11,6
1.91.94.11,6
1.92.115.0,6
1.92.12.0,6
1.92.120.0,6
1.92.149.251,13
1.92.17.0,6
1.92.193.1,6
1.92.194.1,6
1.92.198.1,6
1.92.22.0,6
1.92.23.0,6
1.92.23.11,6
1.92.27.0,6
1.92.3.0,6
1.92.83.11,6
1.92.85.11,6
1.92.87.11,6
1.92.88.11,6
1.92.90.11,6
1.93.0.0,16
1.93.113.1,6
1.93.134.11,6
1.93.135.0,6
1.93.135.1,6
1.93.145.1,6
1.93.188.1,6
1.93.19.0,6
1.93.195.1,6
1.93.196.1,6
1.93.197.1,6
1.93.21.0,6
1.93.22.0,6
1.93.225.6,16
1.93.24.0,6
1.93.29.0,6
1.93.84.11,6
1.93.87.11,6
1.93.89.11,6
1.93.92.1,6
1.94.1.0,6
1.94.11.0,6
1.94.112.14,6
1.94.115.14,6
1.94.187.1,6
1.94.188.1,6
1.94.191.1,6
1.94.193.1,6
1.94.197.1,6
1.94.198.1,6
1.94.26.0,6
1.94.6.0,6
1.94.77.14,6
1.94.8.0,6
1.94.83.11,6
1.94.85.11,6
1.94.86.11,6
1.94.90.11,6
1.94.93.11,6
1.95.0.0,20
1.95.10.0,6
1.95.14.0,6
1.95.15.0,6
1.95.167.10,8
1.95.17.0,6
1.95.193.1,6
1.95.194.1,6
1.95.195.1,6
1.95.2.0,6
1.95.20.0,6
1.95.22.0,6
1.95.25.0,6
1.95.27.0,6
1.95.29.0,6
1.95.5.0,6
1.95.84.11,6
1.95.85.11,6
1.95.87.11,6
1.95.89.11,6
1.96.1.0,6
1.96.11.0,6
1.96.111.9,8
1.96.13.0,6
1.96.14.0,6
1.96.187.1,6
1.96.189.1,6
1.96.191.1,6
1.96.192.1,6
1.96.193.1,6
1.96.196.1,6
1.96.198.1,6
1.96.21.0,6
1.96.214.0,10
1.96.23.0,6
1.96.28.0,6
1.96.29.0,6
1.96.83.11,6
1.96.84.11,6
1.96.86.11,6
1.96.90.15,8
1.96.91.11,6
1.97.0.0,22
1.97.10.0,6
1.97.123.1,6
1.97.15.0,6
1.97.187.1,6
1.97.194.1,6
1.97.196.1,6
1.97.198.1,6
1.97.20.0,6
1.97.22.0,6
1.97.227.14,8
1.97.27.0,6
1.97.3.0,6
1.97.30.0,6
1.97.68.1,6
1.97.71.0,6
1.97.8.0,6
1.97.83.11,6
1.97.87.11,6
1.97.88.11,6
1.97.95.1,6
1.98.190.1,6
1.98.192.1,6
1.98.193.1,6
1.98.196.1,6
1.98.197.1,6
1.98.2.0,6
1.98.26.0,6
1.98.4.0,6
1.98.51.0,6
1.98.84.11,6
1.98.9.0,6
1.99.0.0,16
1.99.13.0,6
1.99.15.0,6
1.99.16.0,6
1.99.18.0,6
1.99.188.1,6
1.99.189.1,6
1.99.193.1,6
1.99.194.1,6
1.99.20.0,6
1.99.26.0,6
1.99.30.0,6
1.99.53.4,8
1.99.64.13,6
1.99.85.11,6
